No.,Date,Company,Estate,Plot,Longitude,Lattitude,N,P,K,Ca,Mg,B,Band12,Band11,Band9,Band8A,Band8,Band7,Band6,Band5,Band4,Band3,Band2,Band1,Sigma0_VV,Sigma0_VH,Gamma0_VV,Gamma0_VH,Beta0_VV,Beta0_VH
1,05-Apr-22,BWSB,PPPTAR,A1-P1,102.5306868,3.899559033,2.72,0.162,1.02,0.69,0.29,16.0,0.1656,0.2638,0.4827,0.4865,0.442,0.4716,0.3719,0.1758,0.1302,0.1506,0.1342,0.1326,0.081835,0.020683,0.104566,0.026428,0.131458,0.033225
2,05-Apr-22,BWSB,PPPTAR,A1-P10,102.5262404,3.901771239,2.72,0.162,1.02,0.69,0.29,16.0,0.1602,0.2583,0.518,0.5321,0.504,0.5085,0.3863,0.1674,0.1247,0.1464,0.1298,0.1288,0.22011,0.036768,0.281252,0.046982,0.353582,0.059064
3,05-Apr-22,BWSB,PPPTAR,A1-P11,102.5287095,3.902004075,2.72,0.162,1.02,0.69,0.29,16.0,0.1589,0.253,0.509,0.5057,0.4744,0.4733,0.3644,0.1662,0.1254,0.1439,0.1316,0.1285,0.250314,0.015218,0.319846,0.019446,0.402102,0.024446
4,05-Apr-22,BWSB,PPPTAR,A1-P12,102.5287837,3.901865905,2.72,0.162,1.02,0.69,0.29,16.0,0.1578,0.2566,0.5212,0.5239,0.49,0.5,0.3775,0.1633,0.1238,0.1423,0.1321,0.1289,0.077316,0.035924,0.098793,0.045902,0.1242,0.057707
5,05-Apr-22,BWSB,PPPTAR,A1-P13,102.5288672,3.901716762,2.72,0.162,1.02,0.69,0.29,16.0,0.1596,0.2583,0.5212,0.5411,0.4952,0.5068,0.3921,0.1686,0.1228,0.1448,0.1314,0.1289,0.279377,0.045341,0.356982,0.057936,0.448788,0.072835
6,05-Apr-22,BWSB,PPPTAR,A1-P14,102.5289458,3.901568231,2.72,0.162,1.02,0.69,0.29,16.0,0.1591,0.2607,0.4925,0.5172,0.486,0.4829,0.3854,0.1709,0.126,0.1474,0.1307,0.1288,0.390124,0.05061,0.498492,0.064669,0.62669,0.0813
7,05-Apr-22,BWSB,PPPTAR,A1-P15,102.5290311,3.901426428,2.72,0.162,1.02,0.69,0.29,16.0,0.1658,0.2617,0.4925,0.4927,0.4736,0.4707,0.3751,0.1691,0.1242,0.1468,0.1311,0.1288,0.191969,0.027005,0.245294,0.034507,0.308377,0.043381
8,05-Apr-22,BWSB,PPPTAR,A1-P2,102.5305199,3.899557131,2.72,0.162,1.02,0.69,0.29,16.0,0.1625,0.2539,0.4827,0.4844,0.452,0.4519,0.3578,0.1708,0.1273,0.1487,0.1335,0.1326,0.063355,0.036733,0.080953,0.046936,0.101772,0.059007
9,05-Apr-22,BWSB,PPPTAR,A1-P3,102.5303447,3.899561016,2.72,0.162,1.02,0.69,0.29,16.0,0.1645,0.2544,0.4776,0.4625,0.4444,0.4466,0.3498,0.1706,0.1251,0.1456,0.131,0.1317,0.196193,0.052958,0.250691,0.067668,0.315161,0.085071
10,05-Apr-22,BWSB,PPPTAR,A1-P4,102.5300175,3.89956731,2.72,0.162,1.02,0.69,0.29,16.0,0.1664,0.263,0.4776,0.4734,0.4308,0.4476,0.36,0.1755,0.1273,0.1496,0.1334,0.1317,0.29352,0.051092,0.375054,0.065284,0.471507,0.082073
11,05-Apr-22,BWSB,PPPTAR,A1-P5,102.5298582,3.899562352,2.72,0.162,1.02,0.69,0.29,16.0,0.1664,0.263,0.4776,0.4734,0.4348,0.4476,0.36,0.1755,0.1272,0.1505,0.1335,0.1317,0.265039,0.054136,0.338661,0.069174,0.425755,0.086964
12,05-Apr-22,BWSB,PPPTAR,A1-P6,102.5269213,3.901763976,2.72,0.162,1.02,0.69,0.29,16.0,0.1591,0.2552,0.4926,0.5102,0.4944,0.4783,0.3744,0.1645,0.1256,0.1451,0.133,0.1295,0.270438,0.046532,0.34556,0.059458,0.434429,0.074749
13,05-Apr-22,BWSB,PPPTAR,A1-P7,102.5267477,3.901764781,2.72,0.162,1.02,0.69,0.29,16.0,0.1587,0.2515,0.4926,0.4857,0.4484,0.4581,0.3586,0.1636,0.1249,0.1432,0.1314,0.1295,0.172167,0.041756,0.219991,0.053355,0.276567,0.067077
14,05-Apr-22,BWSB,PPPTAR,A1-P8,102.5265765,3.901777082,2.72,0.162,1.02,0.69,0.29,16.0,0.1584,0.2536,0.518,0.4939,0.46,0.4689,0.3647,0.1656,0.1234,0.1426,0.1318,0.1288,0.172458,0.035339,0.220363,0.045155,0.277034,0.056768
15,05-Apr-22,BWSB,PPPTAR,A1-P9,102.5264135,3.901773826,2.72,0.162,1.02,0.69,0.29,16.0,0.1602,0.2583,0.518,0.5321,0.4976,0.5085,0.3863,0.1674,0.125,0.1444,0.1309,0.1288,0.233891,0.028864,0.298861,0.036881,0.37572,0.046366
16,05-Apr-22,BWSB,PPPTAR,B3-P1,102.5351497,3.87363728,2.3,0.161,1.04,0.51,0.25,15.0,0.1572,0.2511,0.4805,0.5118,0.466,0.4882,0.3756,0.1642,0.1235,0.1412,0.131,0.1312,0.044439,0.024026,0.056783,0.0307,0.071386,0.038595
17,05-Apr-22,BWSB,PPPTAR,B3-P10,102.5352225,3.879620563,2.3,0.161,1.04,0.51,0.25,15.0,0.1548,0.2495,0.4931,0.5094,0.4964,0.4716,0.3695,0.1608,0.125,0.144,0.1306,0.132,0.147933,0.022712,0.189026,0.029021,0.237638,0.036485
18,05-Apr-22,BWSB,PPPTAR,B3-P2,102.5352851,3.873562549,2.3,0.161,1.04,0.51,0.25,15.0,0.1554,0.2471,0.4805,0.5109,0.4848,0.4864,0.3722,0.163,0.124,0.1423,0.1311,0.1312,0.111311,0.03155,0.14223,0.040314,0.178808,0.050682
19,05-Apr-22,BWSB,PPPTAR,B3-P3,102.5354231,3.873492442,2.3,0.161,1.04,0.51,0.25,15.0,0.1604,0.2569,0.4943,0.5253,0.4836,0.4984,0.3877,0.1681,0.1228,0.1436,0.1308,0.1279,0.195688,0.028177,0.250046,0.036003,0.314352,0.045263
20,05-Apr-22,BWSB,PPPTAR,B3-P4,102.5355679,3.873407989,2.3,0.161,1.04,0.51,0.25,15.0,0.1575,0.2529,0.5035,0.5205,0.4776,0.4945,0.3804,0.1675,0.123,0.1433,0.1296,0.1277,0.110054,0.04404,0.140624,0.056273,0.176789,0.070745
21,05-Apr-22,BWSB,PPPTAR,B3-P5,102.5357042,3.873337549,2.3,0.161,1.04,0.51,0.25,15.0,0.1605,0.2583,0.5035,0.5211,0.4884,0.4947,0.3891,0.1702,0.1239,0.1448,0.1318,0.1277,0.254868,0.049707,0.325665,0.063515,0.409417,0.079849
22,05-Apr-22,BWSB,PPPTAR,B3-P6,102.5352398,3.878974432,2.3,0.161,1.04,0.51,0.25,15.0,0.1573,0.2529,0.4962,0.5085,0.4696,0.4804,0.3694,0.1643,0.1233,0.1425,0.1326,0.1292,0.197815,0.050809,0.252763,0.064922,0.317767,0.081619
23,05-Apr-22,BWSB,PPPTAR,B3-P7,102.5352286,3.879133582,2.3,0.161,1.04,0.51,0.25,15.0,0.1577,0.2527,0.4962,0.5129,0.476,0.4833,0.3722,0.1625,0.1232,0.1414,0.1308,0.1292,0.219511,0.030026,0.280486,0.038366,0.35262,0.048233
24,05-Apr-22,BWSB,PPPTAR,B3-P8,102.5352336,3.879290139,2.3,0.161,1.04,0.51,0.25,15.0,0.1573,0.2539,0.4962,0.5214,0.476,0.4918,0.3791,0.1627,0.1234,0.1413,0.1293,0.1292,0.17946,0.025256,0.229311,0.032272,0.288283,0.040571
25,05-Apr-22,BWSB,PPPTAR,B3-P9,102.5352259,3.879450103,2.3,0.161,1.04,0.51,0.25,15.0,0.1563,0.2527,0.4931,0.5234,0.4744,0.4863,0.376,0.1631,0.1239,0.1419,0.1306,0.132,0.128935,0.038501,0.164751,0.049196,0.20712,0.061848
26,05-Apr-22,BWSB,PPPTAR,B5-P1,102.5281155,3.917618906,2.51,0.165,1.05,0.64,0.32,15.0,0.158,0.2515,0.4831,0.502,0.4748,0.4713,0.3575,0.1656,0.1242,0.1436,0.131,0.1272,0.238264,0.027285,0.304448,0.034864,0.382744,0.04383
27,05-Apr-22,BWSB,PPPTAR,B5-P10,102.5297467,3.9163275,2.51,0.165,1.05,0.64,0.32,15.0,0.1635,0.2608,0.4967,0.502,0.4748,0.4781,0.3668,0.1669,0.1234,0.1424,0.13,0.1287,0.195326,0.030813,0.249583,0.039372,0.313769,0.049497
28,05-Apr-22,BWSB,PPPTAR,B5-P2,102.5282683,3.917548225,2.51,0.165,1.05,0.64,0.32,15.0,0.1578,0.2555,0.4983,0.5172,0.4912,0.4916,0.3757,0.1677,0.1242,0.1447,0.1311,0.1276,0.499441,0.037206,0.638175,0.047541,0.802296,0.059767
29,05-Apr-22,BWSB,PPPTAR,B5-P3,102.5284146,3.917462066,2.51,0.165,1.05,0.64,0.32,15.0,0.158,0.2547,0.4983,0.5215,0.4788,0.49,0.3784,0.162,0.123,0.1422,0.1299,0.1276,0.469591,0.023617,0.600034,0.030177,0.754346,0.037938
30,05-Apr-22,BWSB,PPPTAR,B5-P4,102.5285588,3.917382613,2.51,0.165,1.05,0.64,0.32,15.0,0.1561,0.2542,0.4983,0.5227,0.492,0.4954,0.3772,0.1621,0.1226,0.1435,0.132,0.1276,0.150779,0.028722,0.192663,0.036701,0.24221,0.046139
31,05-Apr-22,BWSB,PPPTAR,B5-P5,102.5286974,3.917309088,2.51,0.165,1.05,0.64,0.32,15.0,0.1665,0.2653,0.5021,0.5185,0.4836,0.4944,0.387,0.1689,0.1221,0.1432,0.13,0.1273,0.1611,0.024346,0.20585,0.031109,0.258789,0.039109
32,05-Apr-22,BWSB,PPPTAR,B5-P6,102.5302461,3.916541181,2.51,0.165,1.05,0.64,0.32,15.0,0.1552,0.249,0.4983,0.5092,0.4808,0.4844,0.3701,0.1597,0.123,0.14,0.129,0.1291,0.081991,0.021914,0.104767,0.028001,0.13171,0.035202
33,05-Apr-22,BWSB,PPPTAR,B5-P7,102.5301642,3.916403854,2.51,0.165,1.05,0.64,0.32,15.0,0.1596,0.2572,0.4983,0.4876,0.4664,0.4734,0.3582,0.167,0.1239,0.1421,0.1303,0.1291,0.171804,0.037778,0.219527,0.048272,0.275984,0.060686
34,05-Apr-22,BWSB,PPPTAR,B5-P8,102.5300479,3.916315466,2.51,0.165,1.05,0.64,0.32,15.0,0.1597,0.2595,0.4983,0.5001,0.4696,0.4702,0.3649,0.1624,0.1244,0.1426,0.1334,0.1291,0.26564,0.028721,0.339429,0.0367,0.426721,0.046138
35,05-Apr-22,BWSB,PPPTAR,B5-P9,102.5298992,3.916286951,2.51,0.165,1.05,0.64,0.32,15.0,0.1627,0.2601,0.4983,0.5089,0.4948,0.4798,0.3664,0.1655,0.1252,0.1426,0.1313,0.1291,0.172968,0.02393,0.221014,0.030577,0.277853,0.038441
36,05-Apr-22,BWSB,PPPTAR,D2-P1,102.5361661,3.886286561,2.39,0.163,0.96,0.58,0.24,15.0,0.1578,0.2512,0.5042,0.5014,0.4668,0.4744,0.3633,0.1648,0.1252,0.1424,0.1306,0.1289,0.176107,0.056801,0.225026,0.072579,0.282896,0.091245
37,05-Apr-22,BWSB,PPPTAR,D2-P10,102.535508,3.882609338,2.39,0.163,0.96,0.58,0.24,15.0,0.1705,0.2613,0.4706,0.4849,0.4364,0.4542,0.3682,0.1723,0.1268,0.148,0.1338,0.1325,0.18246,0.071401,0.233144,0.091234,0.293102,0.114697
38,05-Apr-22,BWSB,PPPTAR,D2-P11,102.5382712,3.8849701,2.39,0.163,0.96,0.58,0.24,15.0,0.1577,0.2498,0.4689,0.4922,0.4572,0.46,0.3629,0.1641,0.1254,0.1431,0.131,0.1303,0.108295,0.037841,0.138377,0.048352,0.173964,0.060787
39,05-Apr-22,BWSB,PPPTAR,D2-P12,102.5382862,3.885220921,2.39,0.163,0.96,0.58,0.24,15.0,0.1582,0.2449,0.4689,0.4765,0.4308,0.4502,0.3499,0.1639,0.1265,0.1438,0.1316,0.1303,0.275643,0.017487,0.35221,0.022344,0.442789,0.02809
40,05-Apr-22,BWSB,PPPTAR,D2-P13,102.5382994,3.885381709,2.39,0.163,0.96,0.58,0.24,15.0,0.16,0.2562,0.4773,0.4851,0.4536,0.4791,0.3629,0.1698,0.1275,0.1455,0.1327,0.1301,0.045938,0.029748,0.058699,0.038011,0.073795,0.047787
41,05-Apr-22,BWSB,PPPTAR,D2-P14,102.5383065,3.885552517,2.39,0.163,0.96,0.58,0.24,15.0,0.16,0.2562,0.4773,0.4851,0.4772,0.4791,0.3629,0.1698,0.1258,0.1446,0.1341,0.1301,0.068533,0.0277,0.08757,0.035395,0.11009,0.044497
42,05-Apr-22,BWSB,PPPTAR,D2-P15,102.5383281,3.885879583,2.39,0.163,0.96,0.58,0.24,15.0,0.1714,0.2705,0.4773,0.484,0.4332,0.4817,0.3798,0.1846,0.1348,0.1597,0.1406,0.1301,0.103606,0.036526,0.132386,0.046672,0.166432,0.058675
43,05-Apr-22,BWSB,PPPTAR,D2-P2,102.5360885,3.886438228,2.39,0.163,0.96,0.58,0.24,15.0,0.1578,0.2512,0.5042,0.5014,0.4576,0.4744,0.3633,0.1648,0.1248,0.1445,0.1312,0.1289,0.307271,0.054718,0.392625,0.069917,0.493597,0.087898
44,05-Apr-22,BWSB,PPPTAR,D2-P3,102.5359894,3.886586979,2.39,0.163,0.96,0.58,0.24,15.0,0.158,0.2486,0.4862,0.4892,0.482,0.4562,0.361,0.1625,0.1247,0.1448,0.1312,0.1281,0.134327,0.037149,0.17164,0.047469,0.215781,0.059676
45,05-Apr-22,BWSB,PPPTAR,D2-P4,102.5359715,3.886737993,2.39,0.163,0.96,0.58,0.24,15.0,0.1557,0.246,0.4862,0.4726,0.4508,0.4401,0.3413,0.1624,0.1246,0.1416,0.1317,0.1281,0.124773,0.039349,0.159433,0.050279,0.200435,0.063209
46,05-Apr-22,BWSB,PPPTAR,D2-P5,102.5359928,3.886902264,2.39,0.163,0.96,0.58,0.24,15.0,0.1567,0.246,0.4862,0.4613,0.4412,0.438,0.3379,0.1611,0.1219,0.1433,0.1322,0.1281,0.139375,0.047011,0.178091,0.060069,0.223891,0.075518
47,05-Apr-22,BWSB,PPPTAR,D2-P6,102.5355472,3.883346753,2.39,0.163,0.96,0.58,0.24,15.0,0.1599,0.2573,0.4923,0.5184,0.49,0.4933,0.388,0.1675,0.126,0.1449,0.1309,0.1302,0.091377,0.032081,0.11676,0.040993,0.146788,0.051535
48,05-Apr-22,BWSB,PPPTAR,D2-P7,102.535538,3.883191024,2.39,0.163,0.96,0.58,0.24,15.0,0.1595,0.2569,0.4932,0.5151,0.4836,0.4824,0.3822,0.167,0.1267,0.1443,0.1327,0.1319,0.162766,0.042497,0.207978,0.054302,0.261465,0.068267
49,05-Apr-22,BWSB,PPPTAR,D2-P8,102.5355324,3.883020173,2.39,0.163,0.96,0.58,0.24,15.0,0.1595,0.2569,0.4932,0.5151,0.486,0.4824,0.3822,0.167,0.1268,0.1465,0.1324,0.1319,0.169692,0.039746,0.216829,0.050787,0.272592,0.063848
50,05-Apr-22,BWSB,PPPTAR,D2-P9,102.535517,3.882859885,2.39,0.163,0.96,0.58,0.24,15.0,0.1643,0.2616,0.4932,0.5199,0.4848,0.486,0.3849,0.1655,0.1274,0.1454,0.1337,0.1319,0.063028,0.024509,0.080536,0.031318,0.101248,0.039372
51,05-Apr-22,BWSB,PPPTAR,E2-P1,102.526851,3.916824453,2.65,0.166,1.02,0.73,0.28,16.0,0.1729,0.2832,0.523,0.5196,0.4772,0.4904,0.388,0.1746,0.1242,0.1452,0.1303,0.1287,0.217971,0.028406,0.278518,0.036297,0.350146,0.045632
52,05-Apr-22,BWSB,PPPTAR,E2-P1,102.5270021,3.916422879,2.65,0.166,1.02,0.73,0.28,16.0,0.1663,0.2707,0.5178,0.5163,0.486,0.4784,0.3815,0.1688,0.125,0.1457,0.1306,0.1284,0.316982,0.031625,0.405033,0.040409,0.509197,0.050801
53,05-Apr-22,BWSB,PPPTAR,E2-P2,102.5268442,3.916986227,2.65,0.166,1.02,0.73,0.28,16.0,0.1764,0.286,0.523,0.5299,0.478,0.4945,0.4004,0.1765,0.1282,0.1509,0.1343,0.1287,0.236045,0.016358,0.301613,0.020902,0.379179,0.026278
54,05-Apr-22,BWSB,PPPTAR,E2-P2,102.5269269,3.916292123,2.65,0.166,1.02,0.73,0.28,16.0,0.1663,0.2707,0.5178,0.5163,0.4932,0.4784,0.3815,0.1688,0.1257,0.1451,0.1304,0.1284,0.280844,0.0264,0.358857,0.033734,0.451145,0.042409
55,05-Apr-22,BWSB,PPPTAR,E2-P3,102.5268421,3.917151015,2.65,0.166,1.02,0.73,0.28,16.0,0.1764,0.286,0.523,0.5299,0.48,0.4945,0.4004,0.1765,0.128,0.1524,0.132,0.1287,0.106972,0.020568,0.136686,0.026281,0.171838,0.033039
56,05-Apr-22,BWSB,PPPTAR,E2-P3,102.5268589,3.916174418,2.65,0.166,1.02,0.73,0.28,16.0,0.1622,0.2645,0.5009,0.5157,0.4952,0.4932,0.3807,0.1672,0.1247,0.1452,0.1331,0.1294,0.261459,0.030681,0.334087,0.039203,0.420005,0.049285
57,05-Apr-22,BWSB,PPPTAR,E2-P4,102.5268426,3.917316918,2.65,0.166,1.02,0.73,0.28,16.0,0.1778,0.2915,0.523,0.5307,0.48,0.4906,0.3946,0.18,0.1249,0.1507,0.1329,0.1287,0.183275,0.034531,0.234185,0.044123,0.29441,0.05547
58,05-Apr-22,BWSB,PPPTAR,E2-P4,102.5267123,3.916027941,2.65,0.166,1.02,0.73,0.28,16.0,0.1588,0.2594,0.5009,0.5125,0.4708,0.475,0.3595,0.1596,0.1215,0.1389,0.1304,0.1294,0.180425,0.056467,0.230544,0.072152,0.289833,0.090708
59,05-Apr-22,BWSB,PPPTAR,E2-P5,102.5268415,3.91748059,2.65,0.166,1.02,0.73,0.28,16.0,0.1771,0.2919,0.519,0.5322,0.4876,0.4965,0.4034,0.1799,0.1266,0.1466,0.1322,0.129,0.134302,0.018314,0.171608,0.023401,0.215741,0.029419
60,05-Apr-22,BWSB,PPPTAR,E2-P5,102.5265745,3.916038736,2.65,0.166,1.02,0.73,0.28,16.0,0.1588,0.2594,0.5009,0.5125,0.462,0.475,0.3595,0.1596,0.1206,0.1394,0.1302,0.1294,0.119362,0.054022,0.152518,0.069028,0.191742,0.08678
61,05-Apr-22,BWSB,PPPTAR,E3-P1,102.526765,3.914174734,2.68,0.166,1.11,0.58,0.24,14.0,0.1622,0.2662,0.5071,0.5017,0.462,0.4717,0.3678,0.1623,0.1229,0.1421,0.1308,0.1292,0.233161,0.026295,0.297929,0.033599,0.374548,0.04224
62,05-Apr-22,BWSB,PPPTAR,E3-P10,102.5233928,3.917003923,2.68,0.166,1.11,0.58,0.24,14.0,0.1682,0.2726,0.4875,0.4847,0.4604,0.4745,0.3678,0.1727,0.1241,0.1407,0.128,0.1273,0.235102,0.019629,0.300408,0.025082,0.377665,0.031532
63,05-Apr-22,BWSB,PPPTAR,E3-P11,102.5176557,3.916792289,2.68,0.166,1.11,0.58,0.24,14.0,0.1637,0.265,0.4825,0.5089,0.482,0.4881,0.3762,0.1691,0.1263,0.1476,0.1337,0.1303,0.130421,0.038639,0.166649,0.049372,0.209506,0.062069
64,05-Apr-22,BWSB,PPPTAR,E3-P12,102.5176536,3.91695882,2.68,0.166,1.11,0.58,0.24,14.0,0.1616,0.2607,0.4825,0.4755,0.452,0.4694,0.3598,0.1628,0.124,0.1434,0.1308,0.1303,0.114804,0.018682,0.146694,0.023871,0.18442,0.03001
65,05-Apr-22,BWSB,PPPTAR,E3-P13,102.5176738,3.917121598,2.68,0.166,1.11,0.58,0.24,14.0,0.1616,0.2607,0.4825,0.4755,0.4332,0.4694,0.3598,0.1628,0.122,0.1414,0.1289,0.1303,0.086798,0.021661,0.110909,0.027678,0.139432,0.034796
66,05-Apr-22,BWSB,PPPTAR,E3-P14,102.5176814,3.917294819,2.68,0.166,1.11,0.58,0.24,14.0,0.1587,0.2537,0.4825,0.4631,0.4348,0.4448,0.3598,0.1597,0.1226,0.1414,0.1302,0.1303,0.190502,0.051451,0.243419,0.065743,0.306019,0.08265
67,05-Apr-22,BWSB,PPPTAR,E3-P15,102.5176558,3.917445394,2.68,0.166,1.11,0.58,0.24,14.0,0.1586,0.2548,0.4767,0.4877,0.454,0.4533,0.3673,0.1614,0.1243,0.1425,0.1302,0.1305,0.211439,0.045086,0.270172,0.057609,0.339653,0.072425
68,05-Apr-22,BWSB,PPPTAR,E3-P2,102.5267642,3.913997645,2.68,0.166,1.11,0.58,0.24,14.0,0.1628,0.2635,0.5046,0.5033,0.4672,0.4789,0.3692,0.1616,0.1233,0.1404,0.1294,0.1289,0.394658,0.03756,0.504286,0.047994,0.633974,0.060336
69,05-Apr-22,BWSB,PPPTAR,E3-P3,102.5267788,3.91383336,2.68,0.166,1.11,0.58,0.24,14.0,0.1622,0.2661,0.5046,0.5103,0.466,0.4791,0.3748,0.1618,0.1241,0.1436,0.1311,0.1289,0.163274,0.05428,0.208628,0.069357,0.262281,0.087194
70,05-Apr-22,BWSB,PPPTAR,E3-P4,102.5267722,3.913671625,2.68,0.166,1.11,0.58,0.24,14.0,0.1626,0.2677,0.5046,0.5113,0.4804,0.4836,0.3731,0.1596,0.1243,0.1408,0.1304,0.1289,0.141685,0.02744,0.181042,0.035062,0.227601,0.044079
71,05-Apr-22,BWSB,PPPTAR,E3-P5,102.5267777,3.913509165,2.68,0.166,1.11,0.58,0.24,14.0,0.1654,0.2696,0.5156,0.5034,0.476,0.4843,0.3727,0.1593,0.1232,0.1404,0.1288,0.1293,0.200417,0.029383,0.256089,0.037545,0.321948,0.0472
72,05-Apr-22,BWSB,PPPTAR,E3-P6,102.5228351,3.916670176,2.68,0.166,1.11,0.58,0.24,14.0,0.1629,0.2667,0.4816,0.5126,0.4668,0.4806,0.3788,0.1651,0.1231,0.1418,0.1287,0.1277,0.177012,0.036256,0.226182,0.046327,0.28435,0.058242
73,05-Apr-22,BWSB,PPPTAR,E3-P7,102.5229806,3.916754745,2.68,0.166,1.11,0.58,0.24,14.0,0.1646,0.2657,0.4816,0.5013,0.4888,0.4734,0.3714,0.1656,0.125,0.1483,0.1302,0.1277,0.249204,0.031299,0.318427,0.039994,0.400318,0.050279
74,05-Apr-22,BWSB,PPPTAR,E3-P8,102.5231191,3.916834105,2.68,0.166,1.11,0.58,0.24,14.0,0.1656,0.271,0.4992,0.5079,0.4756,0.484,0.3779,0.1696,0.1236,0.1442,0.1295,0.1274,0.145459,0.042009,0.185864,0.053678,0.233663,0.067482
75,05-Apr-22,BWSB,PPPTAR,E3-P9,102.5232507,3.916920179,2.68,0.166,1.11,0.58,0.24,14.0,0.1658,0.2679,0.4992,0.4922,0.4288,0.4547,0.3652,0.1659,0.1208,0.1392,0.1272,0.1274,0.174856,0.038996,0.223427,0.049829,0.280886,0.062643
76,05-Apr-22,BWSB,PPPTAR,E4-P1,102.5238144,3.905483807,2.45,0.163,1.02,0.63,0.26,15.0,0.1735,0.281,0.4742,0.503,0.4696,0.4791,0.3713,0.1692,0.1239,0.1422,0.1308,0.1301,0.22765,0.046725,0.290886,0.059705,0.365694,0.075059
77,05-Apr-22,BWSB,PPPTAR,E4-P10,102.5218185,3.909721415,2.45,0.163,1.02,0.63,0.26,15.0,0.1697,0.2786,0.5089,0.5102,0.4728,0.4956,0.3854,0.1836,0.133,0.1522,0.1379,0.1363,0.32969,0.050384,0.42127,0.064379,0.52961,0.080936
78,05-Apr-22,BWSB,PPPTAR,E4-P2,102.5238123,3.905643852,2.45,0.163,1.02,0.63,0.26,15.0,0.1688,0.2751,0.4742,0.487,0.4456,0.4689,0.3631,0.1662,0.1245,0.1407,0.1301,0.1301,0.089945,0.02323,0.11493,0.029683,0.144486,0.037317
79,05-Apr-22,BWSB,PPPTAR,E4-P3,102.5237968,3.905809559,2.45,0.163,1.02,0.63,0.26,15.0,0.1624,0.2634,0.4742,0.485,0.4464,0.463,0.3642,0.1603,0.1227,0.1407,0.1286,0.1301,0.175095,0.016004,0.223733,0.020449,0.281271,0.025708
80,05-Apr-22,BWSB,PPPTAR,E4-P4,102.523794,3.905971206,2.45,0.163,1.02,0.63,0.26,15.0,0.1617,0.2625,0.4762,0.4858,0.4444,0.4523,0.3592,0.161,0.1227,0.1402,0.1317,0.1303,0.069011,0.029826,0.088181,0.038111,0.110858,0.047912
81,05-Apr-22,BWSB,PPPTAR,E4-P5,102.5237886,3.906138436,2.45,0.163,1.02,0.63,0.26,15.0,0.1605,0.262,0.4762,0.4871,0.4428,0.4546,0.3605,0.1607,0.123,0.1405,0.1311,0.1303,0.154669,0.03011,0.197633,0.038474,0.248459,0.048368
82,05-Apr-22,BWSB,PPPTAR,E4-P6,102.5223916,3.909469798,2.45,0.163,1.02,0.63,0.26,15.0,0.1624,0.2678,0.5086,0.5085,0.4604,0.4777,0.3774,0.1692,0.1274,0.1441,0.1338,0.1332,0.306923,0.031692,0.392179,0.040496,0.493037,0.05091
83,05-Apr-22,BWSB,PPPTAR,E4-P7,102.5222471,3.909554033,2.45,0.163,1.02,0.63,0.26,15.0,0.1678,0.2752,0.5089,0.5247,0.4824,0.4962,0.3889,0.1728,0.1272,0.1494,0.1342,0.1363,0.259872,0.027165,0.332059,0.034711,0.417455,0.043637
84,05-Apr-22,BWSB,PPPTAR,E4-P8,102.5221099,3.909639333,2.45,0.163,1.02,0.63,0.26,15.0,0.1678,0.2752,0.5089,0.5247,0.488,0.4962,0.3889,0.1728,0.1285,0.1492,0.1372,0.1363,0.273339,0.050657,0.349267,0.064728,0.439088,0.081374
85,05-Apr-22,BWSB,PPPTAR,E4-P9,102.5219703,3.909719436,2.45,0.163,1.02,0.63,0.26,15.0,0.1669,0.2751,0.5089,0.5243,0.4908,0.4927,0.3821,0.1734,0.13,0.1486,0.1361,0.1363,0.208265,0.065208,0.266116,0.083321,0.334554,0.104749
86,05-Apr-22,BWSB,PPPTAR,E5-P1,102.5245716,3.911938406,2.55,0.165,1.15,0.73,0.27,14.0,0.1623,0.2631,0.4927,0.5114,0.4568,0.478,0.374,0.1665,0.1252,0.1432,0.1322,0.1306,0.145725,0.046446,0.186204,0.059347,0.23409,0.07461
87,05-Apr-22,BWSB,PPPTAR,E5-P10,102.5276324,3.908764212,2.55,0.165,1.15,0.73,0.27,14.0,0.1591,0.2579,0.4851,0.4856,0.4572,0.4698,0.3592,0.1621,0.1227,0.1428,0.1312,0.1288,0.160727,0.022525,0.205374,0.028782,0.25819,0.036183
88,05-Apr-22,BWSB,PPPTAR,E5-P2,102.5245704,3.91210662,2.55,0.165,1.15,0.73,0.27,14.0,0.1591,0.2574,0.4927,0.4996,0.476,0.4664,0.3653,0.162,0.1238,0.143,0.1332,0.1306,0.340946,0.0492,0.435653,0.062866,0.547691,0.079034
89,05-Apr-22,BWSB,PPPTAR,E5-P3,102.5245725,3.912271985,2.55,0.165,1.15,0.73,0.27,14.0,0.1596,0.2578,0.4927,0.4931,0.4536,0.4637,0.3615,0.1615,0.1235,0.1405,0.1313,0.1306,0.155792,0.025961,0.199067,0.033173,0.250262,0.041704
90,05-Apr-22,BWSB,PPPTAR,E5-P4,102.5245677,3.912434517,2.55,0.165,1.15,0.73,0.27,14.0,0.1596,0.2578,0.4927,0.4931,0.4528,0.4637,0.3615,0.1615,0.1234,0.1402,0.1291,0.1306,0.145998,0.019348,0.186553,0.024722,0.234529,0.03108
91,05-Apr-22,BWSB,PPPTAR,E5-P5,102.5245644,3.912595212,2.55,0.165,1.15,0.73,0.27,14.0,0.1639,0.2645,0.4899,0.4854,0.4684,0.4632,0.3547,0.166,0.1246,0.1445,0.1322,0.1305,0.148501,0.067247,0.189752,0.085927,0.23855,0.108025
92,05-Apr-22,BWSB,PPPTAR,E5-P6,102.5276192,3.908016269,2.55,0.165,1.15,0.73,0.27,14.0,0.1597,0.2589,0.506,0.495,0.4624,0.4745,0.3636,0.1572,0.1244,0.1404,0.1307,0.131,0.220501,0.009132,0.281751,0.011669,0.35421,0.014669
93,05-Apr-22,BWSB,PPPTAR,E5-P7,102.5276308,3.908179858,2.55,0.165,1.15,0.73,0.27,14.0,0.1596,0.259,0.4864,0.4877,0.448,0.4574,0.3597,0.1617,0.1226,0.1388,0.1313,0.1293,0.468973,0.041551,0.599244,0.053093,0.753353,0.066747
94,05-Apr-22,BWSB,PPPTAR,E5-P8,102.5276242,3.908428652,2.55,0.165,1.15,0.73,0.27,14.0,0.1594,0.2581,0.4864,0.4895,0.4704,0.4593,0.3613,0.1619,0.1227,0.1402,0.1313,0.1293,0.171864,0.024133,0.219604,0.030837,0.27608,0.038768
95,05-Apr-22,BWSB,PPPTAR,E5-P9,102.5276318,3.908588927,2.55,0.165,1.15,0.73,0.27,14.0,0.1591,0.2548,0.4864,0.4943,0.4616,0.4652,0.3616,0.1574,0.1231,0.1404,0.1309,0.1293,0.144973,0.027432,0.185243,0.035052,0.232883,0.044067
96,05-Apr-22,BWSB,PPPTAR,F2-P1,102.5383455,3.913633056,2.56,0.163,1.14,0.61,0.33,13.0,0.1574,0.2502,0.4997,0.5124,0.4868,0.4852,0.3671,0.1589,0.1232,0.142,0.1308,0.1287,0.076873,0.025146,0.098227,0.032131,0.123488,0.040395
97,05-Apr-22,BWSB,PPPTAR,F2-P10,102.5395184,3.916551403,2.56,0.163,1.14,0.61,0.33,13.0,0.1584,0.257,0.497,0.5039,0.4684,0.4714,0.3669,0.1636,0.1233,0.1416,0.1305,0.1291,0.293664,0.064912,0.375238,0.082943,0.471738,0.104274
98,05-Apr-22,BWSB,PPPTAR,F2-P11,102.5396382,3.916612978,2.56,0.163,1.14,0.61,0.33,13.0,0.1584,0.257,0.497,0.5039,0.474,0.4714,0.3669,0.1636,0.1232,0.1402,0.1297,0.1291,0.173797,0.03124,0.222074,0.039918,0.279185,0.050184
99,05-Apr-22,BWSB,PPPTAR,F2-P12,102.5397729,3.916680456,2.56,0.163,1.14,0.61,0.33,13.0,0.1564,0.2455,0.497,0.4678,0.4476,0.443,0.3448,0.1602,0.1229,0.1412,0.1321,0.1291,0.133856,0.049266,0.171039,0.062951,0.215025,0.079141
100,05-Apr-22,BWSB,PPPTAR,F2-P2,102.5382679,3.913760211,2.56,0.163,1.14,0.61,0.33,13.0,0.1572,0.2539,0.4997,0.5033,0.4804,0.4804,0.3654,0.16,0.1237,0.1413,0.131,0.1287,0.135088,0.024866,0.172612,0.031773,0.217003,0.039944
101,05-Apr-22,BWSB,PPPTAR,F2-P3,102.5381908,3.913885955,2.56,0.163,1.14,0.61,0.33,13.0,0.1565,0.2511,0.4997,0.5055,0.4748,0.4804,0.3653,0.1613,0.1227,0.1409,0.1314,0.1287,0.127878,0.020847,0.163399,0.026638,0.205421,0.033489
102,05-Apr-22,BWSB,PPPTAR,F2-P4,102.5381153,3.914024955,2.56,0.163,1.14,0.61,0.33,13.0,0.1542,0.2488,0.4997,0.4927,0.4544,0.4695,0.3563,0.1606,0.1233,0.1404,0.1289,0.1287,0.075807,0.015367,0.096864,0.019635,0.121775,0.024685
103,05-Apr-22,BWSB,PPPTAR,F2-P5,102.5381233,3.914183333,2.56,0.163,1.14,0.61,0.33,13.0,0.1542,0.2463,0.4944,0.4897,0.4424,0.4624,0.3572,0.1614,0.1227,0.1392,0.131,0.1289,0.097102,0.049444,0.124075,0.063179,0.155984,0.079427
104,05-Apr-22,BWSB,PPPTAR,F2-P6,102.5381967,3.914321667,2.56,0.163,1.14,0.61,0.33,13.0,0.1539,0.2447,0.4944,0.4903,0.4604,0.4612,0.3571,0.1589,0.1222,0.1401,0.1292,0.1289,0.053636,0.038214,0.068535,0.04883,0.08616,0.061387
105,05-Apr-22,BWSB,PPPTAR,F2-P7,102.5390607,3.916656403,2.56,0.163,1.14,0.61,0.33,13.0,0.1546,0.2446,0.4889,0.4882,0.4628,0.4654,0.3507,0.159,0.1219,0.1388,0.1308,0.1301,0.125958,0.023008,0.160946,0.0294,0.202337,0.03696
106,05-Apr-22,BWSB,PPPTAR,F2-P8,102.5392049,3.91660113,2.56,0.163,1.14,0.61,0.33,13.0,0.1607,0.2589,0.4889,0.5105,0.4764,0.4831,0.3711,0.1656,0.1236,0.1406,0.1304,0.1301,0.268931,0.058289,0.343634,0.07448,0.432007,0.093635
107,05-Apr-22,BWSB,PPPTAR,F2-P9,102.5393487,3.916581667,2.56,0.163,1.14,0.61,0.33,13.0,0.1612,0.2563,0.4889,0.4972,0.4904,0.4886,0.3695,0.1656,0.1234,0.1425,0.131,0.1301,0.226406,0.055938,0.289297,0.071476,0.363696,0.089858
108,05-Apr-22,BWSB,PPPTAR,G1-P1,102.5380128,3.906920061,2.26,0.156,1.11,0.49,0.19,13.0,0.1621,0.26,0.4799,0.5053,0.4648,0.4767,0.3678,0.1629,0.1236,0.1439,0.1312,0.1295,0.265954,0.033286,0.339831,0.042532,0.427226,0.05347
109,05-Apr-22,BWSB,PPPTAR,G1-P10,102.5404487,3.908021307,2.26,0.156,1.11,0.49,0.19,13.0,0.1558,0.2458,0.4948,0.4939,0.452,0.4693,0.3576,0.16,0.1216,0.14,0.128,0.1277,0.262349,0.034229,0.335224,0.043737,0.421435,0.054984
110,05-Apr-22,BWSB,PPPTAR,G1-P11,102.5403083,3.9080979,2.26,0.156,1.11,0.49,0.19,13.0,0.1551,0.2461,0.4948,0.4883,0.4576,0.4617,0.3551,0.1567,0.1223,0.1384,0.1264,0.1277,0.135675,0.023425,0.173363,0.029932,0.217947,0.03763
111,05-Apr-22,BWSB,PPPTAR,G1-P12,102.5401668,3.908195039,2.26,0.156,1.11,0.49,0.19,13.0,0.1538,0.2461,0.4995,0.4858,0.4584,0.4609,0.3533,0.1586,0.1209,0.1378,0.1292,0.1272,0.104057,0.025663,0.132962,0.032792,0.167156,0.041225
112,05-Apr-22,BWSB,PPPTAR,G1-P2,102.5378649,3.907008942,2.26,0.156,1.11,0.49,0.19,13.0,0.1603,0.2572,0.5034,0.4988,0.4804,0.486,0.3687,0.1645,0.1253,0.143,0.1329,0.1293,0.197001,0.03443,0.251724,0.043994,0.316461,0.055308
113,05-Apr-22,BWSB,PPPTAR,G1-P3,102.53774,3.907093948,2.26,0.156,1.11,0.49,0.19,13.0,0.1596,0.257,0.4965,0.5006,0.4676,0.4786,0.3664,0.1617,0.124,0.1407,0.1314,0.13,0.148402,0.032887,0.189625,0.042022,0.238391,0.052829
114,05-Apr-22,BWSB,PPPTAR,G1-P4,102.5375958,3.907173571,2.26,0.156,1.11,0.49,0.19,13.0,0.1568,0.2525,0.4965,0.501,0.4608,0.4689,0.3611,0.1601,0.1231,0.1406,0.1317,0.13,0.122785,0.020044,0.156892,0.025611,0.19724,0.032198
115,05-Apr-22,BWSB,PPPTAR,G1-P5,102.5374572,3.90726059,2.26,0.156,1.11,0.49,0.19,13.0,0.1579,0.254,0.4965,0.4861,0.4604,0.4644,0.3609,0.1611,0.124,0.1416,0.1303,0.13,0.167799,0.027197,0.21441,0.034751,0.269551,0.043688
116,05-Apr-22,BWSB,PPPTAR,G1-P6,102.5373244,3.907352275,2.26,0.156,1.11,0.49,0.19,13.0,0.1604,0.2592,0.5073,0.5043,0.4596,0.4748,0.3702,0.1674,0.1244,0.144,0.1324,0.1293,0.201723,0.029593,0.257757,0.037814,0.324045,0.047538
117,05-Apr-22,BWSB,PPPTAR,G1-P7,102.5408845,3.907772069,2.26,0.156,1.11,0.49,0.19,13.0,0.1557,0.2484,0.4971,0.4914,0.4528,0.4642,0.3594,0.1597,0.1227,0.1412,0.1304,0.1275,0.408277,0.013926,0.521687,0.017794,0.65585,0.02237
118,05-Apr-22,BWSB,PPPTAR,G1-P8,102.5407459,3.907853152,2.26,0.156,1.11,0.49,0.19,13.0,0.1591,0.2554,0.4971,0.4998,0.4744,0.4761,0.37,0.1656,0.1225,0.1447,0.1284,0.1275,0.239467,0.009239,0.305985,0.011805,0.384676,0.014841
119,05-Apr-22,BWSB,PPPTAR,G1-P9,102.5405979,3.907931593,2.26,0.156,1.11,0.49,0.19,13.0,0.1571,0.2505,0.4948,0.5008,0.4736,0.4756,0.3638,0.1633,0.1216,0.1391,0.1293,0.1277,0.163297,0.042885,0.208658,0.054798,0.262319,0.068891
120,05-Apr-22,BWSB,PPPTAR,G2-P1,102.5403008,3.910766059,2.59,0.166,1.04,0.62,0.24,14.0,0.1569,0.2534,0.5071,0.5226,0.476,0.4933,0.3777,0.1635,0.1217,0.1408,0.1307,0.1291,0.117578,0.031551,0.150238,0.040315,0.188875,0.050683
121,05-Apr-22,BWSB,PPPTAR,G2-P1,102.5361499,3.901674618,2.59,0.166,1.04,0.62,0.24,14.0,0.1583,0.2537,0.4779,0.4866,0.4712,0.4661,0.3658,0.1664,0.1238,0.1458,0.1308,0.1297,0.254471,0.052759,0.325158,0.067415,0.40878,0.084752
122,05-Apr-22,BWSB,PPPTAR,G2-P10,102.5406149,3.90510361,2.59,0.166,1.04,0.62,0.24,14.0,0.1583,0.2552,0.5144,0.5238,0.48,0.4843,0.3777,0.1626,0.1232,0.1411,0.1306,0.1299,0.312251,0.021216,0.398988,0.027109,0.501597,0.034081
123,05-Apr-22,BWSB,PPPTAR,G2-P11,102.539303,3.897620661,2.59,0.166,1.04,0.62,0.24,14.0,0.1589,0.2582,0.5067,0.5065,0.4676,0.4797,0.3732,0.1633,0.1235,0.1423,0.1317,0.1294,0.283329,0.046764,0.362032,0.059754,0.455136,0.075121
124,05-Apr-22,BWSB,PPPTAR,G2-P12,102.5393077,3.897770748,2.59,0.166,1.04,0.62,0.24,14.0,0.1602,0.2624,0.5067,0.5173,0.4952,0.4863,0.3769,0.1637,0.1253,0.1444,0.1329,0.1294,0.224739,0.046226,0.287167,0.059067,0.361018,0.074257
125,05-Apr-22,BWSB,PPPTAR,G2-P13,102.5393089,3.897949203,2.59,0.166,1.04,0.62,0.24,14.0,0.161,0.2606,0.5108,0.5258,0.51,0.5033,0.3817,0.1638,0.1237,0.1446,0.1319,0.1287,0.263409,0.017358,0.336578,0.022179,0.423137,0.027883
126,05-Apr-22,BWSB,PPPTAR,G2-P14,102.5393148,3.898108493,2.59,0.166,1.04,0.62,0.24,14.0,0.1582,0.2573,0.5108,0.5206,0.4988,0.4985,0.3732,0.1617,0.1228,0.1436,0.1326,0.1287,0.307713,0.015416,0.393189,0.019699,0.494306,0.024764
127,05-Apr-22,BWSB,PPPTAR,G2-P15,102.5393143,3.898276996,2.59,0.166,1.04,0.62,0.24,14.0,0.1561,0.2534,0.5108,0.5114,0.4704,0.4831,0.3675,0.1589,0.1222,0.1406,0.1314,0.1287,0.115946,0.053993,0.148153,0.068991,0.186254,0.086733
128,05-Apr-22,BWSB,PPPTAR,G2-P16,102.5453748,3.899129183,2.59,0.166,1.04,0.62,0.24,14.0,0.1594,0.2597,0.5008,0.5124,0.496,0.4777,0.3751,0.1651,0.1256,0.1476,0.1335,0.1283,0.127583,0.058566,0.163023,0.074835,0.204948,0.09408
129,05-Apr-22,BWSB,PPPTAR,G2-P17,102.5452572,3.899024168,2.59,0.166,1.04,0.62,0.24,14.0,0.1591,0.2561,0.5008,0.5055,0.4836,0.4845,0.3657,0.1625,0.1245,0.1428,0.1311,0.1283,0.093361,0.049173,0.119295,0.062832,0.149974,0.078991
130,05-Apr-22,BWSB,PPPTAR,G2-P18,102.5451454,3.898924281,2.59,0.166,1.04,0.62,0.24,14.0,0.1577,0.2535,0.5037,0.489,0.4768,0.4659,0.3591,0.16,0.1244,0.1439,0.1316,0.1288,0.163597,0.046142,0.209041,0.058959,0.2628,0.074122
131,05-Apr-22,BWSB,PPPTAR,G2-P19,102.5450572,3.898800776,2.59,0.166,1.04,0.62,0.24,14.0,0.1594,0.2583,0.5037,0.5281,0.4684,0.4884,0.3717,0.1634,0.1253,0.1436,0.1324,0.1288,0.376263,0.05141,0.480781,0.065691,0.604425,0.082585
132,05-Apr-22,BWSB,PPPTAR,G2-P2,102.5403056,3.910932677,2.59,0.166,1.04,0.62,0.24,14.0,0.1566,0.2512,0.5149,0.5206,0.486,0.4915,0.3815,0.1638,0.1232,0.1446,0.1322,0.1295,0.201411,0.016947,0.257358,0.021655,0.323544,0.027224
133,05-Apr-22,BWSB,PPPTAR,G2-P2,102.5362849,3.901753864,2.59,0.166,1.04,0.62,0.24,14.0,0.1583,0.2537,0.4779,0.4866,0.4212,0.4661,0.3658,0.1664,0.1236,0.1424,0.1311,0.1297,0.180236,0.049228,0.230302,0.062903,0.28953,0.07908
134,05-Apr-22,BWSB,PPPTAR,G2-P20,102.5449696,3.898680568,2.59,0.166,1.04,0.62,0.24,14.0,0.1575,0.2535,0.5037,0.5109,0.4768,0.4872,0.3689,0.1626,0.1235,0.1419,0.1327,0.1288,0.197482,0.041132,0.252338,0.052558,0.317233,0.066075
135,05-Apr-22,BWSB,PPPTAR,G2-P3,102.5403074,3.911094394,2.59,0.166,1.04,0.62,0.24,14.0,0.1553,0.251,0.5149,0.5156,0.4648,0.4946,0.3765,0.1633,0.1232,0.1417,0.1327,0.1295,0.156521,0.008622,0.199999,0.011017,0.251433,0.013851
136,05-Apr-22,BWSB,PPPTAR,G2-P3,102.5364331,3.901832994,2.59,0.166,1.04,0.62,0.24,14.0,0.1583,0.2545,0.4973,0.5018,0.4696,0.4783,0.3736,0.166,0.1236,0.1435,0.1311,0.13,0.227921,0.019733,0.291232,0.025214,0.366129,0.031699
137,05-Apr-22,BWSB,PPPTAR,G2-P4,102.5403108,3.911261638,2.59,0.166,1.04,0.62,0.24,14.0,0.1562,0.2536,0.5149,0.5177,0.4888,0.4907,0.3774,0.1638,0.1236,0.1426,0.133,0.1295,0.106504,0.019769,0.136088,0.02526,0.171086,0.031756
138,05-Apr-22,BWSB,PPPTAR,G2-P4,102.5365706,3.901910378,2.59,0.166,1.04,0.62,0.24,14.0,0.1582,0.2549,0.4973,0.5085,0.47,0.4847,0.3694,0.1644,0.1223,0.1421,0.133,0.13,0.24705,0.023923,0.315676,0.030568,0.396859,0.03843
139,05-Apr-22,BWSB,PPPTAR,G2-P5,102.5403213,3.911428611,2.59,0.166,1.04,0.62,0.24,14.0,0.1575,0.2548,0.4982,0.5081,0.468,0.4816,0.3709,0.1625,0.1227,0.141,0.1313,0.1292,0.110713,0.027989,0.141466,0.035764,0.177848,0.044961
140,05-Apr-22,BWSB,PPPTAR,G2-P5,102.536693,3.901974681,2.59,0.166,1.04,0.62,0.24,14.0,0.1587,0.257,0.4973,0.5209,0.4688,0.4848,0.3791,0.1644,0.1242,0.1442,0.1316,0.13,0.094081,0.059795,0.120215,0.076405,0.15113,0.096054
141,05-Apr-22,BWSB,PPPTAR,G2-P6,102.5406357,3.905846646,2.59,0.166,1.04,0.62,0.24,14.0,0.1623,0.2591,0.5114,0.5176,0.4892,0.5085,0.3705,0.1658,0.1244,0.1444,0.1326,0.1299,0.304534,0.020078,0.389128,0.025655,0.4892,0.032253
142,05-Apr-22,BWSB,PPPTAR,G2-P7,102.5406222,3.90567861,2.59,0.166,1.04,0.62,0.24,14.0,0.1593,0.2545,0.5114,0.5149,0.498,0.502,0.3736,0.1634,0.1242,0.1427,0.1332,0.1299,0.449051,0.032783,0.573788,0.041889,0.721351,0.052662
143,05-Apr-22,BWSB,PPPTAR,G2-P8,102.5406132,3.905510695,2.59,0.166,1.04,0.62,0.24,14.0,0.1587,0.25,0.5141,0.4915,0.4328,0.4727,0.3498,0.1639,0.1233,0.1382,0.1305,0.1299,0.222024,0.012574,0.283698,0.016067,0.356657,0.020199
144,05-Apr-22,BWSB,PPPTAR,G2-P9,102.5406237,3.905348409,2.59,0.166,1.04,0.62,0.24,14.0,0.1583,0.2551,0.5076,0.5112,0.4764,0.4956,0.3766,0.162,0.1243,0.1428,0.1316,0.13,0.209208,0.031441,0.267322,0.040175,0.33607,0.050507
145,05-Apr-22,BWSB,PPPTAR,H1-P1,102.5471851,3.90681914,2.44,0.161,1.04,0.49,0.19,14.0,0.1592,0.2551,0.5058,0.5097,0.4628,0.4863,0.3698,0.1601,0.1218,0.1388,0.1283,0.1271,0.153664,0.036166,0.196349,0.046213,0.246845,0.058097
146,05-Apr-22,BWSB,PPPTAR,H1-P10,102.5469823,3.902631964,2.44,0.161,1.04,0.49,0.19,14.0,0.1578,0.252,0.4788,0.5183,0.4952,0.4998,0.3757,0.1655,0.124,0.1436,0.1307,0.1303,0.120471,0.012943,0.153935,0.016538,0.193523,0.020791
147,05-Apr-22,BWSB,PPPTAR,H1-P2,102.5471398,3.906675536,2.44,0.161,1.04,0.49,0.19,14.0,0.1604,0.2566,0.5058,0.514,0.4724,0.502,0.3712,0.1619,0.1215,0.1386,0.1275,0.1271,0.185143,0.047967,0.236572,0.061292,0.297412,0.077054
148,05-Apr-22,BWSB,PPPTAR,H1-P3,102.5471131,3.906502707,2.44,0.161,1.04,0.49,0.19,14.0,0.1624,0.2582,0.5041,0.5257,0.4928,0.5077,0.3757,0.1647,0.1216,0.1404,0.1299,0.1278,0.095107,0.06832,0.121526,0.087298,0.152779,0.109748
149,05-Apr-22,BWSB,PPPTAR,H1-P4,102.5470958,3.906354756,2.44,0.161,1.04,0.49,0.19,14.0,0.1571,0.2547,0.5076,0.5206,0.4836,0.501,0.3795,0.1595,0.1211,0.1416,0.129,0.1291,0.125851,0.023063,0.16081,0.02947,0.202165,0.037048
150,05-Apr-22,BWSB,PPPTAR,H1-P5,102.5470141,3.906220119,2.44,0.161,1.04,0.49,0.19,14.0,0.1571,0.2547,0.5076,0.5206,0.482,0.501,0.3795,0.1595,0.1219,0.1403,0.1287,0.1291,0.131006,0.024539,0.167396,0.031355,0.210446,0.039418
151,05-Apr-22,BWSB,PPPTAR,H1-P6,102.5470001,3.903270256,2.44,0.161,1.04,0.49,0.19,14.0,0.1582,0.2564,0.5026,0.5311,0.5008,0.505,0.377,0.1626,0.1228,0.1428,0.1312,0.1293,0.178216,0.018377,0.227721,0.023482,0.286284,0.029521
152,05-Apr-22,BWSB,PPPTAR,H1-P7,102.5469983,3.903115593,2.44,0.161,1.04,0.49,0.19,14.0,0.1582,0.2556,0.5026,0.5294,0.4908,0.5071,0.3807,0.1642,0.1235,0.1404,0.13,0.1293,0.102568,0.044653,0.131059,0.057057,0.164764,0.07173
153,05-Apr-22,BWSB,PPPTAR,H1-P8,102.5469895,3.902961596,2.44,0.161,1.04,0.49,0.19,14.0,0.1582,0.2556,0.5026,0.5294,0.5064,0.5071,0.3807,0.1642,0.1229,0.1418,0.1307,0.1293,0.067991,0.041911,0.086877,0.053553,0.109219,0.067325
154,05-Apr-22,BWSB,PPPTAR,H1-P9,102.5469915,3.90278744,2.44,0.161,1.04,0.49,0.19,14.0,0.1577,0.2534,0.5026,0.5321,0.4796,0.5,0.3847,0.1642,0.1236,0.1422,0.1297,0.1293,0.06914,0.033729,0.088345,0.043098,0.111065,0.054182
155,05-Apr-22,BWSB,PPPTAR,H2-P1,102.547258,3.908729428,2.61,0.167,1.09,0.65,0.24,17.0,0.16,0.2544,0.5008,0.5344,0.4996,0.506,0.3869,0.1682,0.1253,0.1474,0.1304,0.1287,0.103958,0.013948,0.132835,0.017823,0.166997,0.022406
156,05-Apr-22,BWSB,PPPTAR,H2-P2,102.5473496,3.908617497,2.61,0.167,1.09,0.65,0.24,17.0,0.1631,0.2616,0.5154,0.5042,0.4688,0.4803,0.3764,0.1729,0.123,0.145,0.1284,0.1279,0.103129,0.031231,0.131776,0.039906,0.165666,0.050169
157,05-Apr-22,BWSB,PPPTAR,H2-P3,102.5475701,3.908504878,2.61,0.167,1.09,0.65,0.24,17.0,0.1657,0.2619,0.5154,0.4968,0.4652,0.4651,0.371,0.1729,0.1236,0.1452,0.1302,0.1279,0.335481,0.021413,0.428671,0.027361,0.538913,0.034397
158,05-Apr-22,BWSB,PPPTAR,H2-P4,102.5477169,3.908435485,2.61,0.167,1.09,0.65,0.24,17.0,0.1611,0.2582,0.5107,0.5207,0.4816,0.4874,0.3795,0.1671,0.1231,0.1465,0.1301,0.1287,0.177022,0.022174,0.226195,0.028333,0.284366,0.03562
159,05-Apr-22,BWSB,PPPTAR,H2-P5,102.5478585,3.908363399,2.61,0.167,1.09,0.65,0.24,17.0,0.1621,0.2614,0.5107,0.5204,0.4964,0.4991,0.3809,0.1678,0.1246,0.1456,0.1316,0.1287,0.053675,0.031985,0.068584,0.04087,0.086223,0.05138
160,05-Apr-22,BWSB,PPPTAR,I1-P1,102.5305769,3.913601784,2.66,0.163,1.11,0.64,0.23,14.0,0.1539,0.2398,0.4632,0.476,0.4496,0.4448,0.3416,0.1577,0.1229,0.1389,0.1291,0.1274,0.530468,0.020872,0.67782,0.02667,0.852137,0.033529
161,05-Apr-22,BWSB,PPPTAR,I1-P10,102.5342349,3.910881511,2.66,0.163,1.11,0.64,0.23,14.0,0.1593,0.2561,0.5088,0.5125,0.4804,0.4891,0.3721,0.1609,0.1233,0.1413,0.1309,0.1305,0.115346,0.044273,0.147387,0.056572,0.185291,0.07112
162,05-Apr-22,BWSB,PPPTAR,I1-P11,102.5348161,3.914614884,2.66,0.163,1.11,0.64,0.23,14.0,0.1536,0.2449,0.4951,0.4779,0.4368,0.4503,0.3459,0.1547,0.122,0.1381,0.128,0.1292,0.201211,0.035908,0.257103,0.045883,0.323223,0.057682
163,05-Apr-22,BWSB,PPPTAR,I1-P12,102.5348322,3.914462415,2.66,0.163,1.11,0.64,0.23,14.0,0.156,0.2495,0.4951,0.4872,0.4472,0.4474,0.35,0.1598,0.1218,0.1388,0.1304,0.1292,0.133104,0.019496,0.170078,0.024912,0.213817,0.031318
164,05-Apr-22,BWSB,PPPTAR,I1-P13,102.5347696,3.914268954,2.66,0.163,1.11,0.64,0.23,14.0,0.1581,0.2545,0.4951,0.487,0.4416,0.452,0.3506,0.1585,0.1245,0.1408,0.1296,0.1292,0.185108,0.029657,0.236527,0.037895,0.297355,0.04764
165,05-Apr-22,BWSB,PPPTAR,I1-P14,102.5346951,3.914157657,2.66,0.163,1.11,0.64,0.23,14.0,0.1581,0.2545,0.4951,0.487,0.4524,0.452,0.3506,0.1585,0.1215,0.1417,0.133,0.1292,0.146987,0.017488,0.187817,0.022346,0.236118,0.028093
166,05-Apr-22,BWSB,PPPTAR,I1-P15,102.5346298,3.913989681,2.66,0.163,1.11,0.64,0.23,14.0,0.1586,0.2536,0.5273,0.4919,0.4564,0.4544,0.3554,0.1615,0.1224,0.1407,0.1308,0.137,0.109196,0.04477,0.139529,0.057206,0.175412,0.071918
167,05-Apr-22,BWSB,PPPTAR,I1-P2,102.5305834,3.913761917,2.66,0.163,1.11,0.64,0.23,14.0,0.1558,0.2466,0.4632,0.4831,0.4544,0.4655,0.3574,0.1624,0.1225,0.1391,0.129,0.1274,0.317858,0.029046,0.406152,0.037114,0.510603,0.046659
168,05-Apr-22,BWSB,PPPTAR,I1-P3,102.5305847,3.913924783,2.66,0.163,1.11,0.64,0.23,14.0,0.1563,0.2512,0.4632,0.4974,0.4864,0.4712,0.3645,0.1621,0.1236,0.1428,0.1305,0.1274,0.172576,0.025781,0.220513,0.032943,0.277223,0.041415
169,05-Apr-22,BWSB,PPPTAR,I1-P4,102.530582,3.914098439,2.66,0.163,1.11,0.64,0.23,14.0,0.1522,0.2431,0.473,0.4804,0.4652,0.4528,0.3524,0.1582,0.1217,0.1383,0.1283,0.1269,0.370428,0.030066,0.473326,0.038418,0.595052,0.048297
170,05-Apr-22,BWSB,PPPTAR,I1-P5,102.5305807,3.914267458,2.66,0.163,1.11,0.64,0.23,14.0,0.1522,0.2431,0.473,0.4804,0.462,0.4528,0.3524,0.1582,0.1215,0.1373,0.1283,0.1269,0.37965,0.036528,0.485109,0.046675,0.609865,0.058679
171,05-Apr-22,BWSB,PPPTAR,I1-P6,102.5342449,3.910212479,2.66,0.163,1.11,0.64,0.23,14.0,0.1605,0.2613,0.5102,0.5221,0.4652,0.4883,0.3809,0.1657,0.1244,0.1429,0.1314,0.13,0.333622,0.048794,0.426295,0.062347,0.535926,0.078381
172,05-Apr-22,BWSB,PPPTAR,I1-P7,102.5342378,3.9103849,2.66,0.163,1.11,0.64,0.23,14.0,0.1602,0.2625,0.5181,0.5319,0.4764,0.503,0.3843,0.1662,0.1255,0.1464,0.1322,0.1306,0.114669,0.068788,0.146522,0.087895,0.184203,0.1105
173,05-Apr-22,BWSB,PPPTAR,I1-P8,102.534237,3.910550593,2.66,0.163,1.11,0.64,0.23,14.0,0.159,0.2616,0.5181,0.5255,0.4884,0.5026,0.3822,0.1644,0.1239,0.1428,0.1314,0.1306,0.160341,0.03405,0.20488,0.043508,0.25757,0.054697
174,05-Apr-22,BWSB,PPPTAR,I1-P9,102.5342381,3.91070991,2.66,0.163,1.11,0.64,0.23,14.0,0.1581,0.2576,0.5181,0.5148,0.4708,0.4812,0.3718,0.1615,0.1238,0.1428,0.1323,0.1306,0.143079,0.03446,0.182823,0.044032,0.22984,0.055355
175,05-Apr-22,BWSB,PPPTAR,J1-P1,102.5392895,3.889539379,2.59,0.166,0.97,0.64,0.21,16.0,0.181,0.2827,0.4987,0.4715,0.4588,0.456,0.3568,0.1766,0.1294,0.146,0.133,0.1362,0.093109,0.03128,0.118973,0.039969,0.14957,0.050247
176,05-Apr-22,BWSB,PPPTAR,J1-P10,102.5453063,3.890253619,2.59,0.166,0.97,0.64,0.21,16.0,0.1574,0.2518,0.4854,0.5034,0.4792,0.4699,0.3644,0.164,0.1258,0.1427,0.1315,0.1308,0.071804,0.015954,0.09175,0.020385,0.115346,0.025628
177,05-Apr-22,BWSB,PPPTAR,J1-P2,102.5391553,3.889461475,2.59,0.166,0.97,0.64,0.21,16.0,0.1666,0.2675,0.4987,0.5156,0.468,0.4831,0.371,0.1655,0.1268,0.1429,0.1318,0.1362,0.165987,0.020315,0.212094,0.025958,0.266639,0.032634
178,05-Apr-22,BWSB,PPPTAR,J1-P3,102.5390147,3.88938824,2.59,0.166,0.97,0.64,0.21,16.0,0.1651,0.2627,0.5008,0.4832,0.4564,0.4699,0.3519,0.1637,0.1264,0.1441,0.1332,0.1279,0.284776,0.030314,0.36388,0.038735,0.45746,0.048696
179,05-Apr-22,BWSB,PPPTAR,J1-P4,102.5390171,3.889224808,2.59,0.166,0.97,0.64,0.21,16.0,0.1638,0.2598,0.5008,0.4975,0.472,0.4694,0.3624,0.1637,0.1275,0.1429,0.134,0.1279,0.29936,0.017745,0.382516,0.022674,0.480888,0.028505
180,05-Apr-22,BWSB,PPPTAR,J1-P5,102.539015,3.889068697,2.59,0.166,0.97,0.64,0.21,16.0,0.1628,0.2587,0.4597,0.4972,0.4564,0.4658,0.3595,0.1651,0.1268,0.1442,0.1334,0.1422,0.281227,0.0307,0.359346,0.039228,0.451759,0.049316
181,05-Apr-22,BWSB,PPPTAR,J1-P6,102.5447557,3.889960303,2.59,0.166,0.97,0.64,0.21,16.0,0.1677,0.2696,0.4812,0.5185,0.4736,0.4848,0.371,0.1738,0.1252,0.144,0.1304,0.1306,0.089589,0.009214,0.114475,0.011773,0.143915,0.014801
182,05-Apr-22,BWSB,PPPTAR,J1-P7,102.5448935,3.890032394,2.59,0.166,0.97,0.64,0.21,16.0,0.1655,0.264,0.4812,0.516,0.486,0.4906,0.3719,0.1686,0.1277,0.1451,0.1314,0.1306,0.114919,0.020334,0.146841,0.025983,0.184605,0.032665
183,05-Apr-22,BWSB,PPPTAR,J1-P8,102.5450271,3.890104049,2.59,0.166,0.97,0.64,0.21,16.0,0.1649,0.26,0.4854,0.4679,0.4472,0.4476,0.3538,0.1713,0.1289,0.1481,0.1334,0.1308,0.231487,0.052254,0.29579,0.066768,0.371859,0.08394
184,05-Apr-22,BWSB,PPPTAR,J1-P9,102.5451658,3.890187353,2.59,0.166,0.97,0.64,0.21,16.0,0.1649,0.26,0.4854,0.4679,0.4104,0.4476,0.3538,0.1713,0.1332,0.1456,0.1329,0.1308,0.183029,0.023038,0.233871,0.029438,0.294016,0.037008
185,05-Apr-22,BWSB,PPPTAR,K1-P1,102.5341293,3.905236252,2.62,0.165,1.01,0.73,0.24,15.0,0.1619,0.2586,0.4765,0.4742,0.4284,0.448,0.3562,0.1693,0.1248,0.1431,0.1307,0.1299,0.209839,0.025802,0.268127,0.03297,0.337082,0.041448
186,05-Apr-22,BWSB,PPPTAR,K1-P2,102.5342658,3.905157683,2.62,0.165,1.01,0.73,0.24,15.0,0.1617,0.2603,0.4912,0.5098,0.502,0.4792,0.3785,0.1682,0.1262,0.147,0.1352,0.1308,0.092614,0.026549,0.11834,0.033923,0.148774,0.042647
187,05-Apr-22,BWSB,PPPTAR,K1-P3,102.534401,3.905077612,2.62,0.165,1.01,0.73,0.24,15.0,0.1658,0.2658,0.4912,0.5185,0.492,0.4965,0.3777,0.1717,0.1252,0.147,0.134,0.1308,0.11957,0.020202,0.152784,0.025813,0.192076,0.032452
188,05-Apr-22,BWSB,PPPTAR,K1-P4,102.534528,3.904991484,2.62,0.165,1.01,0.73,0.24,15.0,0.1656,0.2667,0.4912,0.5153,0.4772,0.4831,0.3794,0.17,0.1244,0.1454,0.1327,0.1308,0.142719,0.019006,0.182363,0.024286,0.229262,0.030531
189,05-Apr-22,BWSB,PPPTAR,K1-P5,102.5346704,3.904918069,2.62,0.165,1.01,0.73,0.24,15.0,0.1656,0.2667,0.4912,0.5153,0.4848,0.4831,0.3794,0.17,0.1257,0.1478,0.1309,0.1308,0.096077,0.023489,0.122765,0.030014,0.154337,0.037732
190,05-Apr-22,BWSB,PPPTAR,L1-P1,102.5468012,3.891768522,2.81,0.166,1.28,0.67,0.31,15.0,0.184,0.3,0.5361,0.5504,0.5176,0.5123,0.4087,0.1762,0.1274,0.1514,0.1339,0.1301,0.190734,0.013224,0.243716,0.016897,0.306394,0.021243
191,05-Apr-22,BWSB,PPPTAR,L1-P10,102.5477793,3.896831049,2.81,0.166,1.28,0.67,0.31,15.0,0.1884,0.3044,0.5386,0.5372,0.492,0.508,0.4021,0.1841,0.1334,0.1514,0.1357,0.1321,0.116095,0.054859,0.148344,0.070098,0.186494,0.088126
192,05-Apr-22,BWSB,PPPTAR,L1-P2,102.5468121,3.89160355,2.81,0.166,1.28,0.67,0.31,15.0,0.1783,0.2941,0.5361,0.5557,0.504,0.5141,0.4054,0.175,0.1272,0.1479,0.134,0.1301,0.240212,0.018679,0.306938,0.023867,0.385874,0.030005
193,05-Apr-22,BWSB,PPPTAR,L1-P3,102.5468026,3.891433652,2.81,0.166,1.28,0.67,0.31,15.0,0.1737,0.2831,0.5361,0.5291,0.496,0.507,0.3891,0.17,0.1268,0.1456,0.1327,0.1301,0.338045,0.032299,0.431947,0.041271,0.543032,0.051884
194,05-Apr-22,BWSB,PPPTAR,L1-P4,102.546812,3.891271795,2.81,0.166,1.28,0.67,0.31,15.0,0.1772,0.2867,0.5458,0.5182,0.4812,0.4954,0.3822,0.1727,0.1293,0.1468,0.1342,0.1302,0.25032,0.037507,0.319853,0.047925,0.40211,0.06025
195,05-Apr-22,BWSB,PPPTAR,L1-P5,102.5468092,3.891108759,2.81,0.166,1.28,0.67,0.31,15.0,0.1796,0.2888,0.5458,0.5255,0.4828,0.4947,0.3922,0.1773,0.1333,0.1509,0.1349,0.1302,0.17612,0.037852,0.225043,0.048367,0.282918,0.060806
196,05-Apr-22,BWSB,PPPTAR,L1-P6,102.5477695,3.89744829,2.81,0.166,1.28,0.67,0.31,15.0,0.1743,0.288,0.5428,0.5424,0.5176,0.52,0.4018,0.1762,0.1292,0.1522,0.1352,0.1318,0.187623,0.027254,0.239741,0.034824,0.301396,0.04378
197,05-Apr-22,BWSB,PPPTAR,L1-P7,102.5477699,3.89728783,2.81,0.166,1.28,0.67,0.31,15.0,0.1742,0.2879,0.5386,0.5393,0.5024,0.5196,0.4004,0.1717,0.1268,0.1476,0.1319,0.1321,0.123737,0.031926,0.158109,0.040794,0.19877,0.051285
198,05-Apr-22,BWSB,PPPTAR,L1-P8,102.5477699,3.897131583,2.81,0.166,1.28,0.67,0.31,15.0,0.1746,0.2876,0.5386,0.5451,0.5176,0.5219,0.4018,0.1697,0.1256,0.1459,0.1312,0.1321,0.178069,0.019085,0.227533,0.024386,0.286049,0.030657
199,05-Apr-22,BWSB,PPPTAR,L1-P9,102.5477759,3.896991749,2.81,0.166,1.28,0.67,0.31,15.0,0.1746,0.2876,0.5386,0.5451,0.5176,0.5219,0.4018,0.1697,0.1258,0.1462,0.134,0.1321,0.175228,0.02196,0.223903,0.028061,0.281485,0.035277
200,05-Apr-22,BWSB,PPPTAR,L2-P1,102.5197065,3.87942544,2.73,0.166,1.16,0.66,0.29,15.0,0.1987,0.3212,0.5075,0.5723,0.526,0.5425,0.4571,0.212,0.1387,0.1636,0.1406,0.1408,0.237285,0.057572,0.303198,0.073564,0.381172,0.092483
201,05-Apr-22,BWSB,PPPTAR,L2-P10,102.5235884,3.878780153,2.73,0.166,1.16,0.66,0.29,15.0,0.1968,0.3221,0.5779,0.5971,0.5616,0.555,0.4641,0.1975,0.1324,0.1634,0.1377,0.134,0.178344,0.018884,0.227884,0.024129,0.286489,0.030335
202,05-Apr-22,BWSB,PPPTAR,L2-P11,102.5257054,3.875362414,2.73,0.166,1.16,0.66,0.29,15.0,0.2075,0.3217,0.5,0.4774,0.4276,0.432,0.3674,0.1944,0.1387,0.155,0.1366,0.1338,0.179656,0.024651,0.229561,0.031498,0.288598,0.039598
203,05-Apr-22,BWSB,PPPTAR,L2-P12,102.5256502,3.875525503,2.73,0.166,1.16,0.66,0.29,15.0,0.215,0.3316,0.5,0.4573,0.4676,0.4415,0.3639,0.2019,0.1363,0.1622,0.1375,0.1338,0.36409,0.040859,0.465227,0.052209,0.58487,0.065635
204,05-Apr-22,BWSB,PPPTAR,L2-P13,102.525591,3.875693325,2.73,0.166,1.16,0.66,0.29,15.0,0.2265,0.3434,0.4658,0.4614,0.41,0.4347,0.3686,0.2021,0.1466,0.1584,0.14,0.1346,0.117302,0.024301,0.149886,0.031051,0.188432,0.039037
205,05-Apr-22,BWSB,PPPTAR,L2-P14,102.5256391,3.875930546,2.73,0.166,1.16,0.66,0.29,15.0,0.2452,0.3688,0.4658,0.483,0.4348,0.4493,0.3859,0.2057,0.1457,0.1607,0.1397,0.1346,0.065584,0.036333,0.083802,0.046426,0.105354,0.058365
206,05-Apr-22,BWSB,PPPTAR,L2-P15,102.5256316,3.876104024,2.73,0.166,1.16,0.66,0.29,15.0,0.2555,0.3821,0.4658,0.4784,0.4456,0.42,0.3795,0.2002,0.1412,0.1604,0.1399,0.1346,0.352052,0.071299,0.449845,0.091104,0.565533,0.114533
207,05-Apr-22,BWSB,PPPTAR,L2-P2,102.5198734,3.879417045,2.73,0.166,1.16,0.66,0.29,15.0,0.1968,0.3188,0.5075,0.5767,0.5508,0.5576,0.4629,0.2124,0.1327,0.1664,0.1375,0.1408,0.251618,0.032137,0.321512,0.041064,0.404196,0.051624
208,05-Apr-22,BWSB,PPPTAR,L2-P3,102.5200333,3.879413333,2.73,0.166,1.16,0.66,0.29,15.0,0.1967,0.3167,0.5075,0.5738,0.5476,0.5422,0.4531,0.2084,0.133,0.1655,0.1396,0.1408,0.173954,0.035028,0.222275,0.044757,0.279438,0.056268
209,05-Apr-22,BWSB,PPPTAR,L2-P4,102.5201984,3.879406038,2.73,0.166,1.16,0.66,0.29,15.0,0.1941,0.316,0.534,0.5745,0.5424,0.5464,0.4474,0.2053,0.1321,0.1617,0.1388,0.1386,0.211977,0.01885,0.27086,0.024087,0.340517,0.030281
210,05-Apr-22,BWSB,PPPTAR,L2-P5,102.5203649,3.879408023,2.73,0.166,1.16,0.66,0.29,15.0,0.1944,0.3159,0.534,0.5723,0.5484,0.542,0.4505,0.2118,0.1318,0.1642,0.1384,0.1386,0.19624,0.048533,0.250752,0.062015,0.315238,0.077963
211,05-Apr-22,BWSB,PPPTAR,L2-P6,102.5230129,3.87846702,2.73,0.166,1.16,0.66,0.29,15.0,0.1971,0.3209,0.5982,0.6107,0.5924,0.5726,0.47,0.195,0.129,0.1616,0.1348,0.134,0.221643,0.045708,0.28321,0.058404,0.356044,0.073424
212,05-Apr-22,BWSB,PPPTAR,L2-P7,102.5231546,3.878541996,2.73,0.166,1.16,0.66,0.29,15.0,0.1979,0.3203,0.5982,0.5919,0.5568,0.5724,0.4609,0.1947,0.1288,0.1564,0.1362,0.134,0.124009,0.047667,0.158456,0.060908,0.199207,0.076572
213,05-Apr-22,BWSB,PPPTAR,L2-P8,102.5232983,3.87861801,2.73,0.166,1.16,0.66,0.29,15.0,0.2027,0.3293,0.5982,0.6058,0.5732,0.576,0.471,0.1973,0.1288,0.1636,0.1362,0.134,0.074203,0.029196,0.094815,0.037307,0.119199,0.046901
214,05-Apr-22,BWSB,PPPTAR,L2-P9,102.5234413,3.878699012,2.73,0.166,1.16,0.66,0.29,15.0,0.1968,0.3221,0.5779,0.5971,0.546,0.555,0.4641,0.1975,0.128,0.1602,0.1377,0.134,0.096118,0.036355,0.122818,0.046454,0.154404,0.058401
215,05-Apr-22,BWSB,PPPTAR,M1-P1,102.5441613,3.906003977,2.81,0.165,1.21,0.65,0.34,17.0,0.2164,0.3532,0.6104,0.6579,0.6444,0.6219,0.5008,0.1987,0.1274,0.1585,0.1366,0.1349,0.091056,0.066907,0.11635,0.085492,0.146272,0.107478
216,05-Apr-22,BWSB,PPPTAR,M1-P10,102.5421035,3.906207959,2.81,0.165,1.21,0.65,0.34,17.0,0.2068,0.3413,0.6352,0.6794,0.6352,0.655,0.5215,0.1972,0.1267,0.1582,0.1352,0.1338,0.053129,0.037127,0.067887,0.04744,0.085346,0.059641
217,05-Apr-22,BWSB,PPPTAR,M1-P11,102.5448454,3.90363331,2.81,0.165,1.21,0.65,0.34,17.0,0.2022,0.3344,0.6539,0.6558,0.6112,0.6208,0.4955,0.1985,0.1273,0.1628,0.1381,0.134,0.257062,0.039329,0.328468,0.050254,0.412941,0.063178
218,05-Apr-22,BWSB,PPPTAR,M1-P12,102.5448448,3.903795439,2.81,0.165,1.21,0.65,0.34,17.0,0.2062,0.3382,0.6539,0.6566,0.616,0.6299,0.5068,0.2037,0.1292,0.1646,0.1374,0.134,0.197674,0.041527,0.252584,0.053063,0.317541,0.066709
219,05-Apr-22,BWSB,PPPTAR,M1-P13,102.5448469,3.903956486,2.81,0.165,1.21,0.65,0.34,17.0,0.2076,0.3419,0.668,0.6454,0.6024,0.6186,0.4975,0.1996,0.1274,0.1618,0.1378,0.1348,0.16865,0.039798,0.215497,0.050853,0.270917,0.063931
220,05-Apr-22,BWSB,PPPTAR,M1-P14,102.544852,3.904127802,2.81,0.165,1.21,0.65,0.34,17.0,0.2058,0.3385,0.668,0.6461,0.6004,0.6132,0.4965,0.1965,0.1274,0.1594,0.1359,0.1348,0.16819,0.040194,0.214909,0.051359,0.270178,0.064567
221,05-Apr-22,BWSB,PPPTAR,M1-P15,102.5448521,3.904272547,2.81,0.165,1.21,0.65,0.34,17.0,0.2059,0.3407,0.668,0.6643,0.6096,0.6272,0.5073,0.1988,0.1283,0.1619,0.1357,0.1348,0.121746,0.036072,0.155565,0.046092,0.195572,0.057945
222,05-Apr-22,BWSB,PPPTAR,M1-P2,102.5440183,3.90591872,2.81,0.165,1.21,0.65,0.34,17.0,0.2113,0.3487,0.6384,0.6875,0.6456,0.6448,0.5269,0.1976,0.128,0.1598,0.1362,0.1342,0.231348,0.034629,0.295611,0.044248,0.371634,0.055628
223,05-Apr-22,BWSB,PPPTAR,M1-P3,102.543866,3.905838497,2.81,0.165,1.21,0.65,0.34,17.0,0.2113,0.3487,0.6384,0.6875,0.6336,0.6448,0.5269,0.1976,0.1268,0.1612,0.137,0.1342,0.197674,0.029891,0.252583,0.038194,0.317541,0.048016
224,05-Apr-22,BWSB,PPPTAR,M1-P4,102.5437268,3.905755879,2.81,0.165,1.21,0.65,0.34,17.0,0.2274,0.3649,0.5879,0.6215,0.5416,0.589,0.4776,0.1972,0.1323,0.1575,0.1379,0.1341,0.237537,0.060297,0.30352,0.077046,0.381577,0.09686
225,05-Apr-22,BWSB,PPPTAR,M1-P5,102.5435861,3.905675839,2.81,0.165,1.21,0.65,0.34,17.0,0.2369,0.3742,0.5879,0.5958,0.5564,0.57,0.4453,0.1961,0.1339,0.1582,0.1362,0.1341,0.288669,0.034698,0.368855,0.044336,0.463714,0.055738
226,05-Apr-22,BWSB,PPPTAR,M1-P6,102.5420936,3.905465426,2.81,0.165,1.21,0.65,0.34,17.0,0.2437,0.3766,0.5862,0.5955,0.562,0.5616,0.4448,0.1985,0.1403,0.1618,0.1393,0.1344,0.053472,0.0237,0.068326,0.030283,0.085897,0.038071
227,05-Apr-22,BWSB,PPPTAR,M1-P7,102.5420985,3.905630395,2.81,0.165,1.21,0.65,0.34,17.0,0.2437,0.3766,0.5862,0.5955,0.5788,0.5616,0.4448,0.1985,0.1365,0.1596,0.1396,0.1344,0.117039,0.033546,0.14955,0.042865,0.18801,0.053888
228,05-Apr-22,BWSB,PPPTAR,M1-P8,102.5420936,3.905788783,2.81,0.165,1.21,0.65,0.34,17.0,0.2395,0.3733,0.5862,0.5608,0.5152,0.538,0.4246,0.1964,0.1374,0.1586,0.1386,0.1344,0.206301,0.042642,0.263608,0.054487,0.3314,0.0685
229,05-Apr-22,BWSB,PPPTAR,M1-P9,102.5420963,3.906047349,2.81,0.165,1.21,0.65,0.34,17.0,0.2171,0.3525,0.6352,0.6586,0.6332,0.6274,0.5088,0.2015,0.1321,0.1618,0.1378,0.1338,0.026622,0.033166,0.034017,0.042379,0.042765,0.053278
230,05-Apr-22,BWSB,PPPTAR,N1-P1,102.5307622,3.9068344,2.79,0.177,1.23,0.74,0.31,11.0,0.1822,0.2999,0.5323,0.5395,0.5208,0.5181,0.4115,0.1842,0.1266,0.151,0.1341,0.1324,0.242362,0.050226,0.309686,0.064177,0.389328,0.080682
231,05-Apr-22,BWSB,PPPTAR,N1-P2,102.5307605,3.90666377,2.79,0.177,1.23,0.74,0.31,11.0,0.1838,0.3007,0.5323,0.5355,0.5032,0.505,0.4091,0.1849,0.1266,0.1502,0.1349,0.1324,0.216498,0.041299,0.276636,0.052771,0.347779,0.066343
232,05-Apr-22,BWSB,PPPTAR,N1-P3,102.5307525,3.906511781,2.79,0.177,1.23,0.74,0.31,11.0,0.1838,0.3007,0.5323,0.5355,0.5048,0.505,0.4091,0.1849,0.1262,0.1514,0.1333,0.1324,0.193073,0.018921,0.246705,0.024177,0.310151,0.030395
233,05-Apr-22,BWSB,PPPTAR,N1-P4,102.5307622,3.906255058,2.79,0.177,1.23,0.74,0.31,11.0,0.1867,0.3004,0.5095,0.5099,0.4804,0.4773,0.3924,0.1862,0.1391,0.1589,0.139,0.1313,0.22328,0.03983,0.285302,0.050894,0.358674,0.063983
234,05-Apr-22,BWSB,PPPTAR,N1-P5,102.530751,3.906082885,2.79,0.177,1.23,0.74,0.31,11.0,0.1766,0.2896,0.5095,0.5099,0.4672,0.4854,0.382,0.1828,0.1265,0.1476,0.1319,0.1313,0.361272,0.035243,0.461626,0.045033,0.580343,0.056614
235,05-Apr-22,BWSB,PPPTAR,N2-P1,102.5286428,3.876949505,2.56,0.17,0.92,0.78,0.28,10.0,0.1933,0.3083,0.5048,0.557,0.5364,0.5346,0.4253,0.1937,0.1325,0.1558,0.136,0.1365,0.154711,0.024773,0.197686,0.031654,0.248525,0.039794
236,05-Apr-22,BWSB,PPPTAR,N2-P10,102.5287626,3.876469387,2.56,0.17,0.92,0.78,0.28,10.0,0.1852,0.2893,0.5414,0.5007,0.4684,0.4855,0.3901,0.1879,0.1291,0.1549,0.1352,0.1349,0.094023,0.038901,0.12014,0.049706,0.151037,0.06249
237,05-Apr-22,BWSB,PPPTAR,N2-P2,102.5285012,3.876870903,2.56,0.17,0.92,0.78,0.28,10.0,0.1933,0.3083,0.5048,0.557,0.5132,0.5346,0.4253,0.1937,0.1312,0.1547,0.1341,0.1365,0.170307,0.01227,0.217615,0.015679,0.273579,0.019711
238,05-Apr-22,BWSB,PPPTAR,N2-P3,102.5283606,3.876791591,2.56,0.17,0.92,0.78,0.28,10.0,0.1978,0.3116,0.5048,0.5543,0.5264,0.5281,0.4247,0.1923,0.1316,0.1569,0.136,0.1365,0.246702,0.021226,0.31523,0.027122,0.396298,0.034097
239,05-Apr-22,BWSB,PPPTAR,N2-P4,102.5282223,3.876715902,2.56,0.17,0.92,0.78,0.28,10.0,0.1904,0.308,0.5111,0.5736,0.5496,0.5411,0.4402,0.1885,0.1316,0.1601,0.1374,0.134,0.116673,0.036694,0.149082,0.046887,0.187422,0.058945
240,05-Apr-22,BWSB,PPPTAR,N2-P5,102.5280863,3.876555321,2.56,0.17,0.92,0.78,0.28,10.0,0.1897,0.3092,0.5325,0.559,0.524,0.5304,0.4332,0.1898,0.1321,0.1601,0.1371,0.1338,0.170999,0.081832,0.218499,0.104563,0.274691,0.131453
241,05-Apr-22,BWSB,PPPTAR,N2-P6,102.5282111,3.876154461,2.56,0.17,0.92,0.78,0.28,10.0,0.1986,0.3098,0.5325,0.5448,0.512,0.5146,0.416,0.2006,0.1303,0.1529,0.1353,0.1338,0.043201,0.049964,0.055202,0.063843,0.069398,0.080261
242,05-Apr-22,BWSB,PPPTAR,N2-P7,102.528345,3.876221667,2.56,0.17,0.92,0.78,0.28,10.0,0.1976,0.3108,0.5414,0.5347,0.534,0.5129,0.4187,0.1956,0.1313,0.1613,0.1388,0.1349,0.052972,0.033501,0.067687,0.042807,0.085094,0.053816
243,05-Apr-22,BWSB,PPPTAR,N2-P8,102.5284896,3.876312473,2.56,0.17,0.92,0.78,0.28,10.0,0.1927,0.2938,0.5414,0.4739,0.4612,0.434,0.3739,0.1958,0.1362,0.1575,0.1389,0.1349,0.261445,0.023846,0.334069,0.03047,0.419982,0.038306
244,05-Apr-22,BWSB,PPPTAR,N2-P9,102.5286371,3.876389903,2.56,0.17,0.92,0.78,0.28,10.0,0.1927,0.2938,0.5414,0.4739,0.4972,0.434,0.3739,0.1958,0.1306,0.1542,0.1343,0.1349,0.251606,0.024586,0.321497,0.031415,0.404177,0.039494
245,05-Apr-22,BWSB,PPPTAR,N3-P1,102.5825192,3.920123965,2.8,0.177,1.16,0.53,0.35,11.0,0.2091,0.3194,0.4964,0.5271,0.502,0.4999,0.4201,0.2147,0.1423,0.164,0.1414,0.1344,0.129088,0.034902,0.164946,0.044598,0.207365,0.056067
246,05-Apr-22,BWSB,PPPTAR,N3-P2,102.5823726,3.920198584,2.8,0.177,1.16,0.53,0.35,11.0,0.1964,0.3065,0.4964,0.542,0.4864,0.5163,0.4195,0.201,0.1414,0.1648,0.1407,0.1344,0.084972,0.051248,0.108576,0.065483,0.136498,0.082324
247,05-Apr-22,BWSB,PPPTAR,N3-P3,102.5822249,3.920278539,2.8,0.177,1.16,0.53,0.35,11.0,0.2041,0.3089,0.4894,0.4841,0.4372,0.4497,0.394,0.2187,0.1575,0.1718,0.1443,0.1343,0.13335,0.021821,0.170392,0.027882,0.214212,0.035053
248,05-Apr-22,BWSB,PPPTAR,N3-P4,102.5820808,3.920358155,2.8,0.177,1.16,0.53,0.35,11.0,0.1897,0.2874,0.4744,0.4632,0.4528,0.4489,0.3754,0.1966,0.1435,0.163,0.1406,0.1324,0.097022,0.050836,0.123972,0.064957,0.155855,0.081662
249,05-Apr-22,BWSB,PPPTAR,N3-P5,102.5819387,3.920430879,2.8,0.177,1.16,0.53,0.35,11.0,0.2095,0.3115,0.4744,0.463,0.4364,0.427,0.382,0.2182,0.1492,0.1687,0.1441,0.1324,0.085795,0.065945,0.109627,0.084263,0.13782,0.105933
250,05-Apr-22,BWSB,PPPTAR,N4-P1,102.5478378,3.909739062,2.63,0.167,1.02,0.78,0.34,12.0,0.2038,0.3193,0.523,0.5295,0.5364,0.4943,0.427,0.2188,0.1358,0.168,0.1394,0.1347,0.163168,0.020676,0.208492,0.02642,0.262111,0.033214
251,05-Apr-22,BWSB,PPPTAR,N4-P10,102.5582681,3.906968283,2.63,0.167,1.02,0.78,0.34,12.0,0.1841,0.2875,0.5201,0.5357,0.4904,0.4903,0.4332,0.2066,0.1344,0.1678,0.1394,0.1331,0.574434,0.068892,0.734,0.088029,0.922764,0.110667
252,05-Apr-22,BWSB,PPPTAR,N4-P11,102.5660357,3.910019027,2.63,0.167,1.02,0.78,0.34,12.0,0.2021,0.3103,0.5185,0.4896,0.4196,0.4856,0.4047,0.2208,0.1624,0.1754,0.1478,0.1388,0.200586,0.066798,0.256304,0.085353,0.322219,0.107304
253,05-Apr-22,BWSB,PPPTAR,N4-P12,102.5661718,3.910096511,2.63,0.167,1.02,0.78,0.34,12.0,0.209,0.311,0.5185,0.473,0.4344,0.4367,0.3932,0.2205,0.1492,0.1715,0.1445,0.1388,0.195322,0.041454,0.249578,0.052969,0.313762,0.066591
254,05-Apr-22,BWSB,PPPTAR,N4-P13,102.5663085,3.910187032,2.63,0.167,1.02,0.78,0.34,12.0,0.209,0.311,0.5185,0.473,0.4404,0.4367,0.3932,0.2205,0.1447,0.1693,0.1431,0.1388,0.113194,0.014719,0.144637,0.018808,0.181833,0.023645
255,05-Apr-22,BWSB,PPPTAR,N4-P14,102.5664467,3.910252934,2.63,0.167,1.02,0.78,0.34,12.0,0.2044,0.3053,0.5185,0.4443,0.4472,0.4116,0.3754,0.2238,0.1449,0.171,0.1433,0.1388,0.086996,0.038187,0.111161,0.048794,0.139749,0.061343
256,05-Apr-22,BWSB,PPPTAR,N4-P15,102.5665821,3.910332141,2.63,0.167,1.02,0.78,0.34,12.0,0.1978,0.3036,0.5323,0.4867,0.4308,0.466,0.4105,0.2226,0.1484,0.1782,0.1474,0.1358,0.102826,0.073921,0.131389,0.094454,0.165178,0.118745
257,05-Apr-22,BWSB,PPPTAR,N4-P2,102.5476997,3.909820292,2.63,0.167,1.02,0.78,0.34,12.0,0.2026,0.3168,0.5297,0.5415,0.472,0.521,0.4479,0.2197,0.1457,0.173,0.1426,0.1358,0.104279,0.050743,0.133246,0.064838,0.167513,0.081513
258,05-Apr-22,BWSB,PPPTAR,N4-P3,102.5475704,3.909909876,2.63,0.167,1.02,0.78,0.34,12.0,0.1996,0.3117,0.5373,0.5151,0.4884,0.4995,0.415,0.2175,0.1426,0.1698,0.1416,0.1339,0.127905,0.057729,0.163435,0.073765,0.205465,0.092735
259,05-Apr-22,BWSB,PPPTAR,N4-P4,102.5474266,3.909988237,2.63,0.167,1.02,0.78,0.34,12.0,0.2046,0.3178,0.5373,0.5162,0.506,0.4932,0.4289,0.2326,0.1407,0.169,0.1426,0.1339,0.109058,0.057383,0.139352,0.073323,0.17519,0.09218
260,05-Apr-22,BWSB,PPPTAR,N4-P5,102.5472996,3.910071085,2.63,0.167,1.02,0.78,0.34,12.0,0.2046,0.3178,0.5373,0.5162,0.4408,0.4932,0.4289,0.2326,0.1564,0.1818,0.1478,0.1339,0.106112,0.048224,0.135588,0.061619,0.170457,0.077466
261,05-Apr-22,BWSB,PPPTAR,N4-P6,102.5584901,3.907466364,2.63,0.167,1.02,0.78,0.34,12.0,0.1882,0.2894,0.5008,0.5198,0.5144,0.4903,0.4245,0.2058,0.1352,0.17,0.1408,0.1312,0.227514,0.055433,0.290713,0.070831,0.365476,0.089047
262,05-Apr-22,BWSB,PPPTAR,N4-P7,102.5584216,3.90735329,2.63,0.167,1.02,0.78,0.34,12.0,0.2091,0.3228,0.5571,0.5332,0.5028,0.5079,0.4293,0.2191,0.1453,0.1716,0.1414,0.1327,0.33058,0.028464,0.422408,0.036371,0.53104,0.045725
263,05-Apr-22,BWSB,PPPTAR,N4-P8,102.558347,3.907239674,2.63,0.167,1.02,0.78,0.34,12.0,0.1948,0.3041,0.5571,0.5373,0.5172,0.506,0.4319,0.2099,0.1345,0.1694,0.1402,0.1327,0.398671,0.029626,0.509413,0.037856,0.64042,0.047591
264,05-Apr-22,BWSB,PPPTAR,N4-P9,102.5582996,3.907112365,2.63,0.167,1.02,0.78,0.34,12.0,0.1841,0.2875,0.5201,0.5357,0.4916,0.4903,0.4332,0.2066,0.1352,0.1664,0.1392,0.1331,0.572069,0.067993,0.730978,0.08688,0.918965,0.109223
265,05-Apr-22,BWSB,PPPTAR,N5-P1,102.5212777,3.893620233,2.61,0.172,1.07,0.81,0.35,11.0,0.1757,0.2879,0.5083,0.5262,0.4972,0.5079,0.4117,0.1842,0.1297,0.1556,0.1356,0.1312,0.256411,0.034037,0.327636,0.043492,0.411895,0.054677
266,05-Apr-22,BWSB,PPPTAR,N5-P2,102.5212722,3.893455594,2.61,0.172,1.07,0.81,0.35,11.0,0.1764,0.2886,0.4829,0.5341,0.4976,0.5097,0.4201,0.1883,0.1258,0.1532,0.1327,0.1353,0.358228,0.073682,0.457736,0.09415,0.575453,0.118362
267,05-Apr-22,BWSB,PPPTAR,N5-P3,102.5212594,3.893295264,2.61,0.172,1.07,0.81,0.35,11.0,0.1764,0.2886,0.4829,0.5341,0.5028,0.5097,0.4201,0.1883,0.1291,0.1582,0.1346,0.1353,0.20395,0.047693,0.260602,0.060941,0.327622,0.076614
268,05-Apr-22,BWSB,PPPTAR,N5-P4,102.5212631,3.893138104,2.61,0.172,1.07,0.81,0.35,11.0,0.1767,0.2856,0.4829,0.525,0.4788,0.5069,0.4182,0.191,0.1298,0.1575,0.1338,0.1353,0.346292,0.047283,0.442484,0.060417,0.556279,0.075954
269,05-Apr-22,BWSB,PPPTAR,N5-P5,102.5211854,3.892939073,2.61,0.172,1.07,0.81,0.35,11.0,0.1791,0.2856,0.5012,0.5,0.4632,0.4757,0.3982,0.1905,0.1309,0.153,0.1342,0.1383,0.263106,0.020871,0.336191,0.026669,0.42265,0.033527
270,05-Apr-22,BWSB,PPPTAR,R1-P1,102.527939,3.891650689,0.0,0.0,0.0,0.0,0.0,0.0,0.2063,0.3307,0.573,0.6314,0.6008,0.6232,0.5037,0.2119,0.1321,0.1715,0.1411,0.1333,0.41042,0.040348,0.524426,0.051556,0.659294,0.064815
271,05-Apr-22,BWSB,PPPTAR,R1-P10,102.5284899,3.890210537,0.0,0.0,0.0,0.0,0.0,0.0,0.1978,0.3177,0.6371,0.5834,0.572,0.5669,0.4517,0.2001,0.1316,0.1682,0.1378,0.1326,0.175927,0.049538,0.224796,0.063299,0.282608,0.079577
272,05-Apr-22,BWSB,PPPTAR,R1-P11,102.5285558,3.888409562,0.0,0.0,0.0,0.0,0.0,0.0,0.1986,0.3182,0.5292,0.6485,0.6516,0.6125,0.4853,0.2039,0.1315,0.1739,0.1382,0.1341,0.052398,0.01878,0.066953,0.023997,0.084172,0.030169
273,05-Apr-22,BWSB,PPPTAR,R1-P12,102.5286954,3.888490039,0.0,0.0,0.0,0.0,0.0,0.0,0.2059,0.3395,0.5292,0.7017,0.6516,0.6748,0.5322,0.2151,0.1306,0.1698,0.1385,0.1341,0.160603,0.015198,0.205215,0.01942,0.257991,0.024415
274,05-Apr-22,BWSB,PPPTAR,R1-P13,102.5288243,3.888568016,0.0,0.0,0.0,0.0,0.0,0.0,0.204,0.3388,0.547,0.6982,0.634,0.6563,0.5289,0.2122,0.1298,0.1719,0.1384,0.133,0.228621,0.014639,0.292127,0.018705,0.367254,0.023516
275,05-Apr-22,BWSB,PPPTAR,R1-P14,102.528968,3.888649085,0.0,0.0,0.0,0.0,0.0,0.0,0.2034,0.3401,0.6641,0.6866,0.6392,0.6553,0.5269,0.2138,0.1313,0.173,0.1394,0.1338,0.157504,0.023531,0.201256,0.030067,0.253013,0.0378
276,05-Apr-22,BWSB,PPPTAR,R1-P15,102.5291094,3.88872876,0.0,0.0,0.0,0.0,0.0,0.0,0.2072,0.3432,0.6641,0.6753,0.6312,0.6533,0.5253,0.2155,0.1323,0.174,0.1404,0.1338,0.13455,0.081838,0.171925,0.104571,0.216139,0.131464
277,05-Apr-22,BWSB,PPPTAR,R1-P2,102.5279394,3.891798462,0.0,0.0,0.0,0.0,0.0,0.0,0.2014,0.3293,0.573,0.6514,0.6332,0.6223,0.5072,0.2104,0.1316,0.1722,0.1378,0.1333,0.190614,0.049444,0.243563,0.063179,0.306201,0.079427
278,05-Apr-22,BWSB,PPPTAR,R1-P3,102.5279391,3.891973468,0.0,0.0,0.0,0.0,0.0,0.0,0.2048,0.3382,0.6452,0.6695,0.6172,0.6363,0.5234,0.2109,0.1312,0.1708,0.1405,0.1336,0.192483,0.099388,0.24595,0.126995,0.309202,0.159655
279,05-Apr-22,BWSB,PPPTAR,R1-P4,102.5279417,3.892122316,0.0,0.0,0.0,0.0,0.0,0.0,0.2049,0.331,0.6452,0.6538,0.6184,0.6223,0.5039,0.2097,0.1314,0.1698,0.1388,0.1336,0.194352,0.099793,0.248338,0.127514,0.312204,0.160307
280,05-Apr-22,BWSB,PPPTAR,R1-P5,102.5279401,3.892294195,0.0,0.0,0.0,0.0,0.0,0.0,0.1939,0.3065,0.6452,0.5997,0.6268,0.5937,0.4557,0.1994,0.1313,0.1696,0.1419,0.1336,0.073268,0.043108,0.093621,0.055082,0.117697,0.069248
281,05-Apr-22,BWSB,PPPTAR,R1-P6,102.5290339,3.890531805,0.0,0.0,0.0,0.0,0.0,0.0,0.2175,0.3503,0.6313,0.6435,0.6156,0.6381,0.5053,0.2116,0.1326,0.1715,0.1377,0.1346,0.107674,0.032603,0.137584,0.04166,0.172967,0.052373
282,05-Apr-22,BWSB,PPPTAR,R1-P7,102.5288961,3.890449812,0.0,0.0,0.0,0.0,0.0,0.0,0.2099,0.3476,0.6313,0.6773,0.6252,0.6435,0.5271,0.2145,0.1316,0.1736,0.1408,0.1346,0.067379,0.03577,0.086096,0.045707,0.108237,0.057461
283,05-Apr-22,BWSB,PPPTAR,R1-P8,102.5287606,3.890373212,0.0,0.0,0.0,0.0,0.0,0.0,0.2094,0.3431,0.6519,0.644,0.6196,0.6363,0.5081,0.2109,0.1316,0.1714,0.1382,0.1331,0.036527,0.011925,0.046673,0.015237,0.058676,0.019156
284,05-Apr-22,BWSB,PPPTAR,R1-P9,102.5286248,3.890291941,0.0,0.0,0.0,0.0,0.0,0.0,0.2094,0.3431,0.6519,0.644,0.6192,0.6363,0.5081,0.2109,0.13,0.1712,0.1373,0.1331,0.136475,0.037158,0.174385,0.047479,0.219232,0.05969
285,05-Apr-22,BWSB,PPPTAR,S1-P1,102.5785216,3.917994275,2.58,0.163,0.86,0.59,0.22,14.0,0.1579,0.251,0.4894,0.4946,0.4752,0.4587,0.3626,0.1607,0.1223,0.1422,0.1293,0.1325,0.314563,0.035508,0.401942,0.045372,0.50531,0.05704
286,05-Apr-22,BWSB,PPPTAR,S1-P10,102.5819614,3.91791879,2.58,0.163,0.86,0.59,0.22,14.0,0.1549,0.2462,0.4831,0.4898,0.4604,0.4696,0.359,0.1615,0.1234,0.1424,0.1296,0.1359,0.163269,0.040645,0.208622,0.051936,0.262274,0.065292
287,05-Apr-22,BWSB,PPPTAR,S1-P2,102.5786614,3.917911078,2.58,0.163,0.86,0.59,0.22,14.0,0.1567,0.2521,0.4894,0.5046,0.4596,0.4813,0.3672,0.1624,0.1234,0.1396,0.1293,0.1325,0.239432,0.030631,0.305941,0.039139,0.38462,0.049205
288,05-Apr-22,BWSB,PPPTAR,S1-P3,102.5788012,3.917832167,2.58,0.163,0.86,0.59,0.22,14.0,0.1601,0.2597,0.4894,0.5148,0.4936,0.4886,0.3834,0.1676,0.1232,0.1414,0.129,0.1325,0.192447,0.035843,0.245905,0.0458,0.309145,0.057578
289,05-Apr-22,BWSB,PPPTAR,S1-P4,102.578939,3.91774969,2.58,0.163,0.86,0.59,0.22,14.0,0.1619,0.2643,0.5165,0.5179,0.4732,0.4968,0.384,0.1704,0.1245,0.1479,0.1311,0.1283,0.232711,0.020322,0.297354,0.025967,0.373825,0.032646
290,05-Apr-22,BWSB,PPPTAR,S1-P5,102.5790939,3.917666333,2.58,0.163,0.86,0.59,0.22,14.0,0.1605,0.2594,0.5165,0.526,0.486,0.4979,0.3778,0.1671,0.1243,0.1431,0.1302,0.1283,0.449096,0.052345,0.573845,0.066885,0.721422,0.084086
291,05-Apr-22,BWSB,PPPTAR,S1-P6,102.5819556,3.918534693,2.58,0.163,0.86,0.59,0.22,14.0,0.1561,0.2466,0.4939,0.4905,0.4644,0.463,0.3504,0.1592,0.1223,0.14,0.1294,0.1285,0.129905,0.0316,0.16599,0.040378,0.208678,0.050762
292,05-Apr-22,BWSB,PPPTAR,S1-P7,102.5819628,3.918370978,2.58,0.163,0.86,0.59,0.22,14.0,0.1546,0.2448,0.4939,0.4818,0.456,0.4623,0.3485,0.1592,0.1229,0.1397,0.1286,0.1285,0.101667,0.032585,0.129908,0.041637,0.163316,0.052345
293,05-Apr-22,BWSB,PPPTAR,S1-P8,102.5819506,3.918215,2.58,0.163,0.86,0.59,0.22,14.0,0.1526,0.2434,0.4939,0.4812,0.45,0.4586,0.3446,0.1566,0.1232,0.1391,0.1291,0.1285,0.179703,0.045123,0.229621,0.057657,0.288673,0.072484
294,05-Apr-22,BWSB,PPPTAR,S1-P9,102.5819651,3.918041433,2.58,0.163,0.86,0.59,0.22,14.0,0.1549,0.2462,0.4831,0.4898,0.458,0.4696,0.359,0.1615,0.1224,0.1385,0.1284,0.1359,0.186513,0.046501,0.238323,0.059419,0.299613,0.074699
