Date,Estate,Block_ID,N_mean,N_min,N_max,P_mean,P_min,P_max,K_mean,K_min,K_max,Mg_mean,Mg_min,Mg_max,Ca_mean,Ca_min,Ca_max,B_mean,B_min,B_max
2026-10-07,merbau,Block_1,2.434423684283305,0.657,2.717,0.1588597859454078,0.022,0.174,0.9769947730855387,0.216,1.141,0.2804417434110456,0.106,0.339,0.6373155784175447,0.074,0.778,11.524713404684864,1.82,15.609
2026-10-07,merbau,Block_2,2.5219089230769227,0.895,2.689,0.16491507692307691,0.046,0.173,1.0225316923076921,0.34,1.139,0.27640902564102565,0.165,0.336,0.6449718974358974,0.244,0.745,13.511152,3.02,15.373
2026-10-07,merbau,Block_3,2.5488309352517984,1.577,2.692,0.16696906474820142,0.104,0.174,1.0368312949640288,0.66,1.128,0.27475827338129494,0.231,0.338,0.6528104316546763,0.453,0.742,13.415568705035971,6.987,15.307
2026-10-07,merbau,Block_4,2.5233547305389226,0.844,2.691,0.16541149700598803,0.037,0.173,1.0257322155688622,0.346,1.141,0.27864982035928143,0.145,0.335,0.655119760479042,0.191,0.762,13.135657964071857,2.96,15.167
2026-10-07,merbau,Block_5,2.4687434944237916,0.861,2.684,0.16082684406182743,0.042,0.174,0.9915758168655839,0.315,1.141,0.2964290745450988,0.148,0.337,0.6586789278027783,0.147,0.759,11.676465857953435,2.947,15.127
2026-10-07,merbau,Block_6,2.464250936329588,0.733,2.684,0.16009657570893523,0.027,0.173,0.9912348849652222,0.264,1.136,0.30293606206527557,0.112,0.332,0.6505834670947032,0.087,0.767,11.347555377207062,2.867,15.06
2026-10-07,merbau,Block_7,2.5324029805352795,0.716,2.69,0.16548753041362532,0.033,0.173,1.0314622871046228,0.27,1.139,0.2898990267639903,0.104,0.337,0.6530349756690997,0.117,0.762,12.673815085158152,2.467,15.26
2026-10-07,merbau,Block_8,2.404685517768437,0.657,2.686,0.15603630110813907,0.03,0.173,0.9654027512418799,0.254,1.141,0.3008956820787161,0.109,0.335,0.6399021780664884,0.079,0.749,11.02464042797096,2.867,15.18
2026-10-07,merbau,Block_9,2.493953226857888,0.751,2.706,0.16260593220338984,0.031,0.173,1.010845664928292,0.308,1.15,0.2865436766623207,0.112,0.338,0.6513854302477183,0.097,0.761,12.38940286831812,2.867,15.293
2026-10-07,merbau,Block_10,2.450909391702724,0.768,2.695,0.15948002036141512,0.033,0.173,0.9763736319674217,0.32,1.123,0.30730796640366503,0.119,0.338,0.6733061847798424,0.092,0.76,10.802536268770679,3.267,14.8
2026-10-07,merbau,Block_11,2.4928106719367595,2.166,2.677,0.16117213438735178,0.132,0.173,0.9894930830039524,0.822,1.107,0.31264505928853764,0.255,0.335,0.6640812252964429,0.554,0.738,11.036090118577079,10.593,14.793
2026-10-07,merbau,Block_12,2.4909873942610714,0.733,2.69,0.16176579863990712,0.034,0.174,1.0033731962182781,0.292,1.143,0.30387692818046114,0.113,0.339,0.6619678221927351,0.101,0.761,11.614188090894013,2.867,15.093
2026-10-07,merbau,Block_13,2.514771041666667,1.042,2.696,0.16319229166666666,0.059,0.174,1.0149381249999998,0.433,1.138,0.2972777083333334,0.173,0.337,0.6586968750000001,0.232,0.759,11.256998333333334,3.507,15.08
2026-10-07,merbau,Block_14,2.506710961822055,1.078,2.696,0.16347157135834836,0.055,0.173,1.0137869900049155,0.395,1.147,0.29475028674422415,0.177,0.338,0.6554874651810585,0.262,0.749,11.61329706701622,3.027,15.107
2026-10-07,merbau,Block_15,2.480603884206669,2.022,2.599,0.16087138145840968,0.138,0.167,0.9992249908391353,0.72,1.052,0.287546537193111,0.267,0.331,0.6464010626603152,0.625,0.714,10.972756320996703,6.407,11.44
2026-10-07,merbau,Block_16,2.4854170468685193,2.358,2.594,0.1611186229780174,0.159,0.167,0.9994398589796762,0.988,1.051,0.29389444214019084,0.267,0.331,0.6504348817917878,0.63,0.705,10.980984238905018,10.56,11.247
2026-10-07,merbau,Block_17,2.434469103240392,0.658,2.685,0.15849868123587038,0.028,0.173,0.9812358703843255,0.255,1.138,0.30401695553880936,0.109,0.333,0.6482456669178599,0.079,0.759,11.051116993217784,2.867,14.88
2026-10-07,merbau,Block_18,2.479475708837672,2.168,2.675,0.16133526778312055,0.147,0.172,0.9973714143591442,0.864,1.133,0.30252114077267456,0.261,0.332,0.6561532084231471,0.623,0.735,10.973519316862877,8.327,14.247
2026-10-07,merbau,Block_19,2.4853927608779363,2.31,2.605,0.16106276472853293,0.155,0.172,0.9945795148247978,0.933,1.088,0.3006649980747016,0.252,0.331,0.6552595302271853,0.627,0.727,11.011292645360033,9.64,15.06
2026-10-07,merbau,Block_20,2.473997678643521,0.805,2.678,0.16067672587807832,0.039,0.173,0.9913107589826402,0.292,1.138,0.30390482438433586,0.119,0.336,0.656948324586193,0.116,0.747,10.862469317723054,2.947,14.92
2026-10-07,merbau,Block_21,2.487385705729687,1.414,2.67,0.16160990217608306,0.083,0.173,0.9997696146935515,0.578,1.129,0.3056989419045718,0.213,0.331,0.6574412058295069,0.37,0.723,11.142962068277104,4.767,14.867
2026-10-07,merbau,Block_22,2.4800659531385594,2.246,2.596,0.16114203066242405,0.152,0.172,0.9977249059878506,0.875,1.075,0.29966560601677755,0.255,0.329,0.6561538906566388,0.612,0.736,11.094254266705237,8.607,14.833
2026-10-07,merbau,Block_23,2.483052752293578,0.762,2.699,0.16110818042813455,0.028,0.173,1.0085766437308867,0.3,1.143,0.2910500764525994,0.104,0.335,0.6412578363914374,0.091,0.756,12.42639506880734,3.133,15.353
2026-10-07,merbau,Block_24,2.490141167434716,0.773,2.69,0.16186513056835636,0.036,0.173,1.0039827956989247,0.326,1.139,0.3121551459293395,0.113,0.331,0.6645463901689709,0.099,0.75,11.142709370199693,3.347,15.04
2026-10-07,merbau,Block_25,2.4687205649564996,0.555,2.706,0.1605475194188458,0.022,0.173,0.9903934939197232,0.254,1.15,0.2955413839225455,0.1,0.34,0.6611619771023278,0.075,0.776,11.222059784275949,2.787,15.46
2026-10-07,merbau,Block_26,2.493445034116755,0.893,2.684,0.16230174374526157,0.04,0.173,1.0115693707354054,0.351,1.141,0.3009776345716452,0.139,0.334,0.6558074298711145,0.137,0.749,11.757603487490524,3.48,14.92
2026-10-07,merbau,Block_27,2.514726478298864,1.164,2.683,0.1639498980483542,0.056,0.173,1.0213745994756773,0.403,1.138,0.30955956889018355,0.177,0.336,0.6627209437809496,0.263,0.734,11.298226915234492,3.66,14.993
2026-10-07,merbau,Block_28,2.3370434292160183,0.657,2.695,0.15162624553487497,0.021,0.174,0.9366523782665915,0.254,1.141,0.28945215266027446,0.106,0.336,0.6221910133483738,0.075,0.768,10.839383154728333,2.8,15.053
2026-10-07,merbau,Block_29,2.501650916784203,1.189,2.656,0.1627126234132581,0.064,0.173,1.0101396332863186,0.455,1.106,0.30943441466854726,0.197,0.33,0.6567122708039492,0.293,0.722,11.332538081805358,3.507,14.993
2026-10-07,merbau,Block_30,2.4626906077348067,0.77,2.692,0.16090484960098222,0.038,0.173,1.000938305709024,0.315,1.146,0.304773634131369,0.128,0.339,0.6533901166359729,0.115,0.751,11.31450168815224,2.867,15.12
2026-10-07,merbau,Block_31,2.4925578002244673,1.39,2.684,0.16169344236010902,0.079,0.173,0.9949318582651914,0.511,1.142,0.30779429212762555,0.211,0.332,0.6619430816097484,0.362,0.75,11.412857944524612,3.907,15.3
2026-10-07,merbau,Block_32,2.4933959850772784,1.506,2.668,0.1624377331675253,0.086,0.173,1.006246224906733,0.557,1.096,0.3097283709362232,0.217,0.334,0.6621366139634038,0.401,0.766,11.237357434713093,4.24,14.933
2026-10-07,merbau,Block_33,2.501843692870201,2.193,2.671,0.16276416819012796,0.154,0.173,1.0102426873857404,0.873,1.106,0.3026494515539305,0.251,0.334,0.6519419561243145,0.625,0.732,11.437531992687386,8.793,14.967
2026-10-07,merbau,Block_34,2.5207987362508777,1.538,2.689,0.16425719634916916,0.093,0.173,1.0250971214603322,0.592,1.149,0.3012010297215072,0.225,0.338,0.6624476948279897,0.407,0.748,12.24457547390592,4.16,15.047
2026-10-07,merbau,Block_35,2.532247161394972,1.118,2.683,0.16511415247364153,0.067,0.173,1.0303643552311434,0.425,1.137,0.30470985401459855,0.19,0.337,0.6602735198702352,0.311,0.758,11.896064274128141,3.267,15.107
2026-10-07,merbau,Block_36,2.494271905598795,1.054,2.695,0.16290007532011044,0.048,0.173,1.0122819482801908,0.387,1.137,0.3055551092141602,0.174,0.335,0.6590903841325634,0.25,0.756,11.69844589505398,3.587,15.007
2026-10-07,merbau,Block_37,2.4886269592476498,1.221,2.677,0.16096799208051477,0.061,0.173,0.9886414783039099,0.467,1.141,0.312202111862729,0.183,0.335,0.6621356211846231,0.272,0.736,11.036161194522357,3.587,15.087
2026-10-07,merbau,Block_38,2.516607877208225,0.875,2.69,0.16420243266724588,0.039,0.173,1.0248311613090066,0.347,1.15,0.29240573414422244,0.15,0.337,0.652683463654793,0.166,0.765,12.490128583840141,3.287,15.127
2026-10-07,merbau,Block_39,2.5362675876726883,0.734,2.688,0.16606524973432518,0.031,0.173,1.0355345377258236,0.297,1.14,0.2843415515409139,0.108,0.336,0.6528378320935176,0.095,0.75,12.861939426142403,3.107,15.227
2026-10-07,merbau,Block_40,2.4900000000000007,2.49,2.49,0.16100000000000003,0.161,0.161,0.9879999999999997,0.988,0.988,0.31300000000000006,0.313,0.313,0.663,0.663,0.663,10.98,10.98,10.98
2026-10-07,merbau,Block_41,2.5103804767309876,1.307,2.717,0.1626528944381385,0.068,0.174,1.006137570942111,0.451,1.164,0.3138372304199773,0.2,0.33,0.6722424517593645,0.34,0.764,11.473314415437004,3.667,15.373
2026-10-07,merbau,Block_42,2.501371177370031,1.132,2.731,0.1615894495412844,0.062,0.174,0.994077599388379,0.426,1.173,0.3015271406727829,0.197,0.327,0.659737385321101,0.305,0.769,11.70274770642202,3.027,15.566
2026-10-07,merbau,Block_43,2.5444303571428573,2.013,2.691,0.16621964285714286,0.146,0.173,1.0376053571428572,0.809,1.143,0.2933642857142857,0.231,0.336,0.6621464285714286,0.621,0.763,12.837837500000001,7.833,15.247
2026-10-07,merbau,Block_44,2.5284829300629763,0.751,2.681,0.16529930394431552,0.033,0.173,1.0247510772290354,0.304,1.138,0.269260192243951,0.11,0.336,0.6464096784885648,0.094,0.751,14.004284388465363,3.28,15.353
2026-10-07,merbau,Block_45,2.542150998068255,1.223,2.684,0.16657018673535093,0.078,0.173,1.0361355441081777,0.489,1.139,0.2849014810045074,0.202,0.337,0.6546191242755957,0.355,0.757,13.18599774629749,3.653,15.247
2026-10-07,merbau,Block_46,2.5285443580384066,0.895,2.691,0.16488874781780669,0.044,0.173,1.0299668306617997,0.339,1.139,0.2989744485002381,0.151,0.335,0.6548858911283925,0.237,0.742,12.12259736549754,2.98,15.127
2026-10-07,merbau,Block_47,2.4953017077798867,1.708,2.599,0.16263187855787475,0.119,0.167,1.0138301707779884,0.626,1.048,0.3089620493358634,0.241,0.328,0.6640275142314991,0.519,0.704,10.946563567362428,4.647,11.247
2026-10-07,merbau,Block_48,2.4834495754332906,1.347,2.661,0.16141665697336277,0.078,0.173,1.004269977899267,0.52,1.083,0.28808677445620573,0.204,0.33,0.6464066534837735,0.341,0.706,11.019354425962547,4.053,14.887
2026-10-07,merbau,Block_49,2.4875232094097877,1.663,2.667,0.16177000630119726,0.102,0.173,1.004235034656585,0.692,1.099,0.2947599243856333,0.248,0.332,0.6517097248477212,0.424,0.745,11.041653854232305,5.773,14.893
2026-10-07,merbau,Block_50,2.5132699322563834,0.786,2.696,0.1630592322390134,0.039,0.173,1.0129207920792078,0.309,1.141,0.3087064443286434,0.134,0.336,0.6674978287302415,0.132,0.768,11.108902032308496,2.867,14.967
2026-10-07,merbau,Block_51,2.4960477146569042,0.831,2.693,0.16196539506318647,0.044,0.173,1.0007947324908466,0.315,1.141,0.31105432856974136,0.144,0.336,0.6625765914727768,0.191,0.759,11.244731191685366,2.953,14.973
2026-10-07,merbau,Block_52,2.532660911833725,1.254,2.684,0.16432333221589004,0.06,0.173,1.0250631914180355,0.45,1.139,0.30758313778075763,0.19,0.334,0.6575841434797185,0.292,0.719,11.851732316459941,3.667,15.027
2026-10-07,merbau,Block_53,2.3824435233160624,0.693,2.704,0.1554041450777202,0.03,0.173,0.9525248704663213,0.241,1.137,0.287639896373057,0.106,0.337,0.6464025906735753,0.097,0.773,11.148549222797929,2.787,15.413
2026-10-07,merbau,Block_54,2.5428510948905108,1.145,2.699,0.16650547445255473,0.07,0.173,1.0309806569343067,0.438,1.141,0.2811667883211679,0.191,0.337,0.656278102189781,0.351,0.765,13.309958029197082,3.347,15.313
2026-10-07,merbau,Block_55,2.4829701107011073,1.802,2.585,0.16073357933579335,0.111,0.167,0.9888575645756457,0.642,1.051,0.3067675276752768,0.239,0.327,0.660628782287823,0.45,0.734,10.941050184501846,5.78,11.98
2026-10-07,merbau,Block_56,2.5252233449477353,2.252,2.677,0.16479965156794427,0.154,0.173,1.0183017421602787,0.88,1.138,0.28241916376306625,0.229,0.332,0.6477979094076656,0.609,0.724,13.39731567944251,9.073,15.187
2026-10-07,merbau,Block_57,2.3218858741258743,0.644,2.68,0.15044251748251752,0.022,0.173,0.9183728671328671,0.216,1.123,0.29555888111888107,0.109,0.333,0.6391306293706294,0.079,0.769,10.156554405594406,2.74,14.547
2026-10-07,merbau,Block_58,2.4942129186602875,1.656,2.686,0.16154066985645935,0.125,0.173,0.9919577352472088,0.574,1.139,0.30900637958532695,0.23,0.332,0.6616706539074961,0.587,0.712,11.297572169059013,3.78,15.193
2026-10-07,merbau,Block_59,2.4467875378100428,0.515,2.712,0.15952574107682999,0.022,0.174,0.984793814277072,0.216,1.15,0.28193166969147,0.09,0.339,0.6414579249848762,0.074,0.776,11.967083348457352,2.173,15.447
